Workbook

Sheet Indicators
A1: DATES | B1: GDP | C1: CPI | D1: REPO RATE | E1: INDIA VIX | F1: VIX CHANGE | G1: GOLD/NIFTY | H1: NIFTY PE RATIO | I1: USD/INR % CHANGE | J1: OIL % CHANGE | K1: Net FII (cr)
A2: 41730 | B2: 5.7 | C2: 8.4586466 | D2: 8 | E2: 30.5925 | F2: 41.48 | G2: =Assets!I2/Assets!B2 -> 3.7429771 | H2: 18.8 | I2: 0.0056 | J2: 0.0029 | K2: 418
A3: 41760 | B3: 5.7 | C3: 8.2089552 | D3: 8 | E3: 16.335 | F3: -46.6 | G3: =Assets!I3/Assets!B3 -> 3.3001064 | H3: 19.8 | I3: -0.0192 | J3: 0.0056 | K3: 33778
A4: 41791 | B4: 5.7 | C4: 7.4380165 | D4: 8 | E4: 17.8725 | F4: 9.41 | G4: =Assets!I4/Assets!B4 -> 3.3302023 | H4: 20.7 | I4: 0.0146 | J4: 0.0312 | K4: 30705
A5: 41821 | B5: 5.3 | C5: 7.9494128 | D5: 8 | E5: 13.8225 | F5: -22.66 | G5: =Assets!I5/Assets!B5 -> 3.2650078 | H5: 20.6 | I5: 0.0084 | J5: -0.0494 | K5: 36045
A6: 41852 | B6: 5.3 | C6: 7.6717217 | D6: 8 | E6: 13.0675 | F6: -5.46 | G6: =Assets!I6/Assets!B6 -> 3.1443714 | H6: 20.8 | I6: -0.0007 | J6: -0.0259 | K6: 22135
A7: 41883 | B7: 5.3 | C7: 5.8669002 | D7: 8 | E7: 13.145 | F7: 0.59 | G7: =Assets!I7/Assets!B7 -> 3.0245951 | H7: 20.8 | I7: 0.0235 | J7: -0.0814 | K7: 20973
A8: 41913 | B8: 7.5 | C8: 4.7619048 | D8: 8 | E8: 13.295 | F8: 1.14 | G8: =Assets!I8/Assets!B8 -> 2.782536 | H8: 21.6 | I8: -0.0086 | J8: -0.0942 | K8: 16729
A9: 41944 | B9: 7.5 | C9: 3.1516184 | D9: 8 | E9: 12.8975 | F9: -2.99 | G9: =Assets!I9/Assets!B9 -> 2.7578878 | H9: 21.9 | I9: 0.0131 | J9: -0.1825 | K9: 25479
A10: 41974 | B10: 7.5 | C10: 4.1558442 | D10: 8 | E10: 15.12 | F10: 17.23 | G10: =Assets!I10/Assets!B10 -> 2.9341063 | H10: 21.2 | I10: 0.0134 | J10: -0.1753 | K10: 12225
A11: 42005 | B11: 7.5 | C11: 5.3415061 | D11: 8 | E11: 20.1725 | F11: 33.42 | G11: =Assets!I11/Assets!B11 -> 2.8596049 | H11: 22.5 | I11: -0.0162 | J11: -0.0732 | K11: 33687
A12: 42036 | B12: 7.5 | C12: 5.7894737 | D12: 7.75 | E12: 16.97 | F12: -15.88 | G12: =Assets!I12/Assets!B12 -> 2.6830178 | H12: 23.8 | I12: -0.0058 | J12: 0.1705 | K12: 24564
A13: 42064 | B13: 7.5 | C13: 5.6719023 | D13: 7.75 | E13: 14.4925 | F13: -14.6 | G13: =Assets!I13/Assets!B13 -> 2.7809511 | H13: 22.7 | I13: 0.0103 | J13: -0.1099 | K13: 20725
A14: 42095 | B14: 7 | C14: =[1]CPI!D14 -> 4.8653345 | D14: 7.5 | E14: 17.225 | F14: 18.85 | G14: =Assets!I14/Assets!B14 -> 3.0060969 | H14: 22.1 | I14: 0.0199 | J14: 0.2 | K14: 15331
A15: 42125 | B15: 7 | C15: =[1]CPI!D15 -> 5.0086356 | D15: 7.5 | E15: 16.6575 | F15: -3.29 | G15: =Assets!I15/Assets!B15 -> 2.8907697 | H15: 23.1 | I15: 0.0034 | J15: -0.0194 | K15: -14272
A16: 42156 | B16: 7 | C16: =[1]CPI!D16 -> 5.3984576 | D16: 7.5 | E16: 16.9275 | F16: 1.62 | G16: =Assets!I16/Assets!B16 -> 2.8629433 | H16: 23.2 | I16: -0.0022 | J16: -0.0302 | K16: -1607
A17: 42186 | B17: 7.4 | C17: =[1]CPI!D17 -> 3.6912752 | D17: 7.25 | E17: 14.57 | F17: -13.93 | G17: =Assets!I17/Assets!B17 -> 2.639861 | H17: 23.5 | I17: 0.006 | J17: -0.176 | K17: 5323
A18: 42217 | B18: 7.4 | C18: =[1]CPI!D18 -> 3.7406484 | D18: 7.25 | E18: 24.595 | F18: 68.81 | G18: =Assets!I18/Assets!B18 -> 3.0330597 | H18: 22.1 | I18: 0.0379 | J18: 0.0405 | K18: -17524
A19: 42248 | B19: 7.4 | C19: =[1]CPI!D19 -> 4.4129892 | D19: 7.25 | E19: 19.625 | F19: -20.21 | G19: =Assets!I19/Assets!B19 -> 2.9547734 | H19: 22.2 | I19: -0.0135 | J19: -0.108 | K19: -5787
A20: 42278 | B20: 7.3 | C20: =[1]CPI!D20 -> 4.9958368 | D20: 6.75 | E20: 17.88 | F20: -8.89 | G20: =Assets!I20/Assets!B20 -> 2.9760843 | H20: 22.1 | I20: -0.0014 | J20: 0.0257 | K20: 22352
A21: 42309 | B21: 7.3 | C21: =[1]CPI!D21 -> 5.4121565 | D21: 6.75 | E21: 16.43 | F21: -8.11 | G21: =Assets!I21/Assets!B21 -> 2.8682045 | H21: 21.5 | I21: 0.0159 | J21: -0.1008 | K21: -10828
A22: 42339 | B22: 7.3 | C22: =[1]CPI!D22 -> 5.6113903 | D22: 6.75 | E22: 13.87 | F22: -15.58 | G22: =Assets!I22/Assets!B22 -> 2.8395905 | H22: 21.5 | I22: -0.0038 | J22: -0.1673 | K22: -8307
A23: 42370 | B23: 7.9 | C23: =[1]CPI!D23 -> 5.6903766 | D23: 6.75 | E23: 17.24 | F23: 24.3 | G23: =Assets!I23/Assets!B23 -> 3.2206975 | H23: 20.2 | I23: 0.0252 | J23: -0.0446 | K23: -8814
A24: 42401 | B24: 7.9 | C24: =[1]CPI!D24 -> 5.2631579 | D24: 6.75 | E24: 20.1575 | F24: 16.92 | G24: =Assets!I24/Assets!B24 -> 3.8736862 | H24: 18.9 | I24: 0.0049 | J24: 0.0161 | K24: -13716
A25: 42430 | B25: 7.9 | C25: =[1]CPI!D25 -> 4.8252912 | D25: 6.75 | E25: 16.5825 | F25: -17.74 | G25: =Assets!I25/Assets!B25 -> 3.4009743 | H25: 20.9 | I25: -0.0286 | J25: 0.1028 | K25: 19665
... A121: 45352 | B121: 7.8 | C121: =[1]CPI!D121 -> 4.8532731 | D121: 6.5 | E121: 12.8325 | F121: -17.6 | G121: =Assets!I121/Assets!B121 -> 2.6784065 | H121: 22.9 | I121: 0.0054 | J121: 0.0621 | K121: 51996

Sheet Assets
A1: DATE | B1: NIFTY 50 | C1: % CHANGE | D1: NIFTY BANK | E1: % CHANGE2 | F1: NIFTY IT | G1: % CHANGE3 | H1: GOLD usd | I1: GOLD/10gram inr | J1: % CHANGE4 | K1: 10Y G-SEC | L1: % CHANGE5 | M1: USD/INR | N1: % CHANGE6
A2: 41730 | B2: 6696.4 | C2: -0.0012 | D2: 12855.85 | E2: 0.0089 | F2: 9227.95 | G2: -0.0075 | H2: 1292 | I2: =(H2/31.1035)*10*M2 -> 25064.472 | J2: 0.029 | K2: 8.828 | L2: 0.0027 | M2: 60.34 | N2: 0.0056
A3: 41760 | B3: 7229.95 | C3: 0.0797 | D3: 14793.4 | E3: 0.1507 | F3: 8970.3 | G3: -0.0279 | H3: 1254 | I3: =(H3/31.1035)*10*M3 -> 23859.604 | J3: -0.1054 | K3: 8.645 | L3: -0.0207 | M3: 59.18 | N3: -0.0192
A4: 41791 | B4: 7611.35 | C4: 0.0528 | D4: 15241.9 | E4: 0.0303 | F4: 9912.3 | G4: 0.105 | H4: 1313 | I4: =(H4/31.1035)*10*M4 -> 25347.336 | J4: 0.046 | K4: 8.744 | L4: 0.0115 | M4: 60.045 | N4: 0.0146
A5: 41821 | B5: 7721.3 | C5: 0.0144 | D5: 15267.6 | E5: 0.0017 | F5: 10304.7 | G5: 0.0396 | H5: 1295 | I5: =(H5/31.1035)*10*M5 -> 25210.105 | J5: -0.0144 | K5: 8.718 | L5: -0.003 | M5: 60.55 | N5: 0.0084
A6: 41852 | B6: 7954.35 | C6: 0.0302 | D6: 15740.4 | E6: 0.031 | F6: 10679.65 | G6: 0.0364 | H6: 1285.75 | I6: =(H6/31.1035)*10*M6 -> 25011.431 | J6: 0.0006 | K6: 8.559 | L6: -0.0182 | M6: 60.505 | N6: -0.0007
A7: 41883 | B7: 7964.8 | C7: 0.0013 | D7: 15392.25 | E7: -0.0221 | F7: 11302.7 | G7: 0.0583 | H7: 1210 | I7: =(H7/31.1035)*10*M7 -> 24090.295 | J7: -0.0393 | K7: 8.511 | L7: -0.0056 | M7: 61.925 | N7: 0.0235
A8: 41913 | B8: 8322.2 | C8: 0.0449 | D8: 17045.05 | E8: 0.1074 | F8: 11341.05 | G8: 0.0034 | H8: 1173.25 | I8: =(H8/31.1035)*10*M8 -> 23156.821 | J8: -0.0173 | K8: 8.278 | L8: -0.0274 | M8: 61.39 | N8: -0.0086
A9: 41944 | B9: 8588.25 | C9: 0.032 | D9: 18513.15 | E9: 0.0861 | F9: 11898.05 | G9: 0.0491 | H9: 1184.5 | I9: =(H9/31.1035)*10*M9 -> 23685.43 | J9: 0.0066 | K9: 8.087 | L9: -0.0231 | M9: 62.195 | N9: 0.0131
A10: 41974 | B10: 8282.7 | C10: -0.0356 | D10: 18736.65 | E10: 0.0121 | F10: 11216.3 | G10: -0.0573 | H10: 1199.25 | I10: =(H10/31.1035)*10*M10 -> 24302.322 | J10: 0.0087 | K10: 7.855 | L10: -0.0287 | M10: 63.03 | N10: 0.0134
A11: 42005 | B11: 8808.9 | C11: 0.0635 | D11: 19843.75 | E11: 0.0591 | F11: 11824.75 | G11: 0.0542 | H11: 1263.5 | I11: =(H11/31.1035)*10*M11 -> 25189.974 | J11: 0.0465 | K11: 7.691 | L11: -0.0209 | M11: 62.01 | N11: -0.0162
A12: 42036 | B12: 8901.85 | C12: 0.0106 | D12: 19691.2 | E12: -0.0077 | F12: 12659.8 | G12: 0.0706 | H12: 1205 | I12: =(H12/31.1035)*10*M12 -> 23883.822 | J12: -0.0538 | K12: 7.724 | L12: 0.0043 | M12: 61.649 | N12: -0.0058
A13: 42064 | B13: 8491 | C13: -0.0462 | D13: 18206.65 | E13: -0.0754 | F13: 12083 | G13: -0.0456 | H13: 1179.25 | I13: =(H13/31.1035)*10*M13 -> 23613.056 | J13: -0.0169 | K13: 7.738 | L13: 0.0018 | M13: 62.281 | N13: 0.0103
... A121: 45352 | B121: 22326.9 | C121: 0.0157 | D121: 47124.6 | E121: 0.0218 | F121: 34898.15 | G121: -0.0748 | H121: 2231.56 | I121: =(H121/31.1035)*10*M121 -> 59800.513 | J121: 0.0726 | K121: 7.052 | L121: -0.0037 | M121: 83.35 | N121: 0.0054

Sheet Normalisation
A1: INDICATORS | B1: DIRECTION | C1: FORMULA | E1: DATES | F1: GDP | G1: CPI | H1: REPO RATE | I1: INDIA VIX | J1: GOLD/NIFTY | K1: NIFTY PE RATIO | L1: USD/INR % CHANGE | M1: OIL % CHANGE | N1: Net FII (cr)
A2: GDP | B2: ⬇️ High GDP = Low Risk | C2: INVERSE | E2: 41760 | F2: =MAX(0,MIN(10,(PERCENTILE(Indicators!$K$2:$K$121,0.95)-Table1[[#This Row],[Net FII (cr)]])/(PERCENTILE(Indicators!$K$2:$K$121,0.95)-PERCENTILE(Indicators!$K$2:$K$121,0.05))*10)) -> 5.832029 | G2: =MAX(0,MIN(10,(Indicators!C3-PERCENTILE(Indicators!$C:$C,0.05))/(PERCENTILE(Indicators!$C:$C,0.95)-PERCENTILE(Indicators!$C:$C,0.05))*10)) -> 10 | H2: =MAX(0,MIN(10,(Indicators!D3-PERCENTILE(Indicators!$D:$D,0.05))/(PERCENTILE(Indicators!$D:$D,0.95)-PERCENTILE(Indicators!$D:$D,0.05))*10)) -> 10 | I2: =MAX(0,MIN(10,(Table1[[#This Row],[INDIA VIX]]-PERCENTILE(Indicators!$E$2:$E$121,0.05))/(PERCENTILE(Indicators!$E$2:$E$121,0.95)-PERCENTILE(Indicators!$E$2:$E$121,0.05))*10)) -> 10 | J2: =MAX(0,MIN(10,(Indicators!G3-PERCENTILE(Indicators!$G:$G,0.05))/(PERCENTILE(Indicators!$G:$G,0.95)-PERCENTILE(Indicators!$G:$G,0.05))*10)) -> 5.5363334 | K2: =MAX(0,MIN(10,(Indicators!H3-PERCENTILE(Indicators!$H:$H,0.05))/(PERCENTILE(Indicators!$H:$H,0.95)-PERCENTILE(Indicators!$H:$H,0.05))*10)) -> 0 | L2: =MAX(0,MIN(10,(Indicators!I3-PERCENTILE(Indicators!$I:$I,0.05))/(PERCENTILE(Indicators!$I:$I,0.95)-PERCENTILE(Indicators!$I:$I,0.05))*10)) -> 0.017853158 | M2: =MAX(0,MIN(10,(Indicators!J3-PERCENTILE(Indicators!$J:$J,0.05))/(PERCENTILE(Indicators!$J:$J,0.95)-PERCENTILE(Indicators!$J:$J,0.05))*10)) -> 5.3717316 | N2: =MAX(0,MIN(10,(PERCENTILE(Indicators!$K$2:$K$121,0.95)-Table1[[#This Row],[Net FII (cr)]])/(PERCENTILE(Indicators!$K$2:$K$121,0.95)-PERCENTILE(Indicators!$K$2:$K$121,0.05))*10)) -> 5.832029
A3: CPI | B3: ⬆️ High CPI = High Risk | C3: NORMAL | E3: 41791 | F3: =MAX(0,MIN(10,(PERCENTILE(Indicators!$K$2:$K$121,0.95)-Table1[[#This Row],[Net FII (cr)]])/(PERCENTILE(Indicators!$K$2:$K$121,0.95)-PERCENTILE(Indicators!$K$2:$K$121,0.05))*10)) -> 2.0754668 | G3: =MAX(0,MIN(10,(Indicators!C4-PERCENTILE(Indicators!$C:$C,0.05))/(PERCENTILE(Indicators!$C:$C,0.95)-PERCENTILE(Indicators!$C:$C,0.05))*10)) -> 9.6905803 | H3: =MAX(0,MIN(10,(Indicators!D4-PERCENTILE(Indicators!$D:$D,0.05))/(PERCENTILE(Indicators!$D:$D,0.95)-PERCENTILE(Indicators!$D:$D,0.05))*10)) -> 10 | I3: =MAX(0,MIN(10,(Table1[[#This Row],[INDIA VIX]]-PERCENTILE(Indicators!$E$2:$E$121,0.05))/(PERCENTILE(Indicators!$E$2:$E$121,0.95)-PERCENTILE(Indicators!$E$2:$E$121,0.05))*10)) -> 2.8024674 | J3: =MAX(0,MIN(10,(Indicators!G4-PERCENTILE(Indicators!$G:$G,0.05))/(PERCENTILE(Indicators!$G:$G,0.95)-PERCENTILE(Indicators!$G:$G,0.05))*10)) -> 5.7319258 | K3: =MAX(0,MIN(10,(Indicators!H4-PERCENTILE(Indicators!$H:$H,0.05))/(PERCENTILE(Indicators!$H:$H,0.95)-PERCENTILE(Indicators!$H:$H,0.05))*10)) -> 0.25984912 | L3: =MAX(0,MIN(10,(Indicators!I4-PERCENTILE(Indicators!$I:$I,0.05))/(PERCENTILE(Indicators!$I:$I,0.95)-PERCENTILE(Indicators!$I:$I,0.05))*10)) -> 7.5608123 | M3: =MAX(0,MIN(10,(Indicators!J4-PERCENTILE(Indicators!$J:$J,0.05))/(PERCENTILE(Indicators!$J:$J,0.95)-PERCENTILE(Indicators!$J:$J,0.05))*10)) -> 6.1657517 | N3: =MAX(0,MIN(10,(PERCENTILE(Indicators!$K$2:$K$121,0.95)-Table1[[#This Row],[Net FII (cr)]])/(PERCENTILE(Indicators!$K$2:$K$121,0.95)-PERCENTILE(Indicators!$K$2:$K$121,0.05))*10)) -> 2.0754668
A4: REPO RATE | B4: ⬆️ High Rate = High Risk | C4: NORMAL | E4: 41821 | F4: =MAX(0,MIN(10,(PERCENTILE(Indicators!$K$2:$K$121,0.95)-Table1[[#This Row],[Net FII (cr)]])/(PERCENTILE(Indicators!$K$2:$K$121,0.95)-PERCENTILE(Indicators!$K$2:$K$121,0.05))*10)) -> 2.4215074 | G4: =MAX(0,MIN(10,(Indicators!C5-PERCENTILE(Indicators!$C:$C,0.05))/(PERCENTILE(Indicators!$C:$C,0.95)-PERCENTILE(Indicators!$C:$C,0.05))*10)) -> 10 | H4: =MAX(0,MIN(10,(Indicators!D5-PERCENTILE(Indicators!$D:$D,0.05))/(PERCENTILE(Indicators!$D:$D,0.95)-PERCENTILE(Indicators!$D:$D,0.05))*10)) -> 10 | I4: =MAX(0,MIN(10,(Table1[[#This Row],[INDIA VIX]]-PERCENTILE(Indicators!$E$2:$E$121,0.05))/(PERCENTILE(Indicators!$E$2:$E$121,0.95)-PERCENTILE(Indicators!$E$2:$E$121,0.05))*10)) -> 3.7379922 | J4: =MAX(0,MIN(10,(Indicators!G5-PERCENTILE(Indicators!$G:$G,0.05))/(PERCENTILE(Indicators!$G:$G,0.95)-PERCENTILE(Indicators!$G:$G,0.05))*10)) -> 5.3082292 | K4: =MAX(0,MIN(10,(Indicators!H5-PERCENTILE(Indicators!$H:$H,0.05))/(PERCENTILE(Indicators!$H:$H,0.95)-PERCENTILE(Indicators!$H:$H,0.05))*10)) -> 0.17602682 | L4: =MAX(0,MIN(10,(Indicators!I5-PERCENTILE(Indicators!$I:$I,0.05))/(PERCENTILE(Indicators!$I:$I,0.95)-PERCENTILE(Indicators!$I:$I,0.05))*10)) -> 6.1771926 | M4: =MAX(0,MIN(10,(Indicators!J5-PERCENTILE(Indicators!$J:$J,0.05))/(PERCENTILE(Indicators!$J:$J,0.95)-PERCENTILE(Indicators!$J:$J,0.05))*10)) -> 3.6658292 | N4: =MAX(0,MIN(10,(PERCENTILE(Indicators!$K$2:$K$121,0.95)-Table1[[#This Row],[Net FII (cr)]])/(PERCENTILE(Indicators!$K$2:$K$121,0.95)-PERCENTILE(Indicators!$K$2:$K$121,0.05))*10)) -> 2.4215074
A5: INDIA VIX | B5: ⬆️ High VIX = High Risk | C5: NORMAL | E5: 41852 | F5: =MAX(0,MIN(10,(PERCENTILE(Indicators!$K$2:$K$121,0.95)-Table1[[#This Row],[Net FII (cr)]])/(PERCENTILE(Indicators!$K$2:$K$121,0.95)-PERCENTILE(Indicators!$K$2:$K$121,0.05))*10)) -> 1.8201872 | G5: =MAX(0,MIN(10,(Indicators!C6-PERCENTILE(Indicators!$C:$C,0.05))/(PERCENTILE(Indicators!$C:$C,0.95)-PERCENTILE(Indicators!$C:$C,0.05))*10)) -> 10 | H5: =MAX(0,MIN(10,(Indicators!D6-PERCENTILE(Indicators!$D:$D,0.05))/(PERCENTILE(Indicators!$D:$D,0.95)-PERCENTILE(Indicators!$D:$D,0.05))*10)) -> 10 | I5: =MAX(0,MIN(10,(Table1[[#This Row],[INDIA VIX]]-PERCENTILE(Indicators!$E$2:$E$121,0.05))/(PERCENTILE(Indicators!$E$2:$E$121,0.95)-PERCENTILE(Indicators!$E$2:$E$121,0.05))*10)) -> 1.2736828 | J5: =MAX(0,MIN(10,(Indicators!G6-PERCENTILE(Indicators!$G:$G,0.05))/(PERCENTILE(Indicators!$G:$G,0.95)-PERCENTILE(Indicators!$G:$G,0.05))*10)) -> 4.5242178 | K5: =MAX(0,MIN(10,(Indicators!H6-PERCENTILE(Indicators!$H:$H,0.05))/(PERCENTILE(Indicators!$H:$H,0.95)-PERCENTILE(Indicators!$H:$H,0.05))*10)) -> 0.34367142 | L5: =MAX(0,MIN(10,(Indicators!I6-PERCENTILE(Indicators!$I:$I,0.05))/(PERCENTILE(Indicators!$I:$I,0.95)-PERCENTILE(Indicators!$I:$I,0.05))*10)) -> 4.1463959 | M5: =MAX(0,MIN(10,(Indicators!J6-PERCENTILE(Indicators!$J:$J,0.05))/(PERCENTILE(Indicators!$J:$J,0.95)-PERCENTILE(Indicators!$J:$J,0.05))*10)) -> 4.3947148 | N5: =MAX(0,MIN(10,(PERCENTILE(Indicators!$K$2:$K$121,0.95)-Table1[[#This Row],[Net FII (cr)]])/(PERCENTILE(Indicators!$K$2:$K$121,0.95)-PERCENTILE(Indicators!$K$2:$K$121,0.05))*10)) -> 1.8201872
A6: GOLD/NIFTY | B6: ⬆️ High Ratio = High Risk | C6: NORMAL | E6: 41883 | F6: =MAX(0,MIN(10,(PERCENTILE(Indicators!$K$2:$K$121,0.95)-Table1[[#This Row],[Net FII (cr)]])/(PERCENTILE(Indicators!$K$2:$K$121,0.95)-PERCENTILE(Indicators!$K$2:$K$121,0.05))*10)) -> 3.3865475 | G6: =MAX(0,MIN(10,(Indicators!C7-PERCENTILE(Indicators!$C:$C,0.05))/(PERCENTILE(Indicators!$C:$C,0.95)-PERCENTILE(Indicators!$C:$C,0.05))*10)) -> 6.5720411 | H6: =MAX(0,MIN(10,(Indicators!D7-PERCENTILE(Indicators!$D:$D,0.05))/(PERCENTILE(Indicators!$D:$D,0.95)-PERCENTILE(Indicators!$D:$D,0.05))*10)) -> 10 | I6: =MAX(0,MIN(10,(Table1[[#This Row],[INDIA VIX]]-PERCENTILE(Indicators!$E$2:$E$121,0.05))/(PERCENTILE(Indicators!$E$2:$E$121,0.95)-PERCENTILE(Indicators!$E$2:$E$121,0.05))*10)) -> 0.81428691 | J6: =MAX(0,MIN(10,(Indicators!G7-PERCENTILE(Indicators!$G:$G,0.05))/(PERCENTILE(Indicators!$G:$G,0.95)-PERCENTILE(Indicators!$G:$G,0.05))*10)) -> 3.7457962 | K6: =MAX(0,MIN(10,(Indicators!H7-PERCENTILE(Indicators!$H:$H,0.05))/(PERCENTILE(Indicators!$H:$H,0.95)-PERCENTILE(Indicators!$H:$H,0.05))*10)) -> 0.34367142 | L6: =MAX(0,MIN(10,(Indicators!I7-PERCENTILE(Indicators!$I:$I,0.05))/(PERCENTILE(Indicators!$I:$I,0.95)-PERCENTILE(Indicators!$I:$I,0.05))*10)) -> 9.5469761 | M6: =MAX(0,MIN(10,(Indicators!J7-PERCENTILE(Indicators!$J:$J,0.05))/(PERCENTILE(Indicators!$J:$J,0.95)-PERCENTILE(Indicators!$J:$J,0.05))*10)) -> 2.6733042 | N6: =MAX(0,MIN(10,(PERCENTILE(Indicators!$K$2:$K$121,0.95)-Table1[[#This Row],[Net FII (cr)]])/(PERCENTILE(Indicators!$K$2:$K$121,0.95)-PERCENTILE(Indicators!$K$2:$K$121,0.05))*10)) -> 3.3865475
A7: NIFTY PE RATIO | B7: ⬆️ High PE = High Risk | C7: NORMAL | E7: 41913 | F7: =MAX(0,MIN(10,(PERCENTILE(Indicators!$K$2:$K$121,0.95)-Table1[[#This Row],[Net FII (cr)]])/(PERCENTILE(Indicators!$K$2:$K$121,0.95)-PERCENTILE(Indicators!$K$2:$K$121,0.05))*10)) -> 3.5173966 | G7: =MAX(0,MIN(10,(Indicators!C8-PERCENTILE(Indicators!$C:$C,0.05))/(PERCENTILE(Indicators!$C:$C,0.95)-PERCENTILE(Indicators!$C:$C,0.05))*10)) -> 4.3787144 | H7: =MAX(0,MIN(10,(Indicators!D8-PERCENTILE(Indicators!$D:$D,0.05))/(PERCENTILE(Indicators!$D:$D,0.95)-PERCENTILE(Indicators!$D:$D,0.05))*10)) -> 10 | I7: =MAX(0,MIN(10,(Table1[[#This Row],[INDIA VIX]]-PERCENTILE(Indicators!$E$2:$E$121,0.05))/(PERCENTILE(Indicators!$E$2:$E$121,0.95)-PERCENTILE(Indicators!$E$2:$E$121,0.05))*10)) -> 0.86144345 | J7: =MAX(0,MIN(10,(Indicators!G8-PERCENTILE(Indicators!$G:$G,0.05))/(PERCENTILE(Indicators!$G:$G,0.95)-PERCENTILE(Indicators!$G:$G,0.05))*10)) -> 2.1726629 | K7: =MAX(0,MIN(10,(Indicators!H8-PERCENTILE(Indicators!$H:$H,0.05))/(PERCENTILE(Indicators!$H:$H,0.95)-PERCENTILE(Indicators!$H:$H,0.05))*10)) -> 1.0142498 | L7: =MAX(0,MIN(10,(Indicators!I8-PERCENTILE(Indicators!$I:$I,0.05))/(PERCENTILE(Indicators!$I:$I,0.95)-PERCENTILE(Indicators!$I:$I,0.05))*10)) -> 2.3833966 | M7: =MAX(0,MIN(10,(Indicators!J8-PERCENTILE(Indicators!$J:$J,0.05))/(PERCENTILE(Indicators!$J:$J,0.95)-PERCENTILE(Indicators!$J:$J,0.05))*10)) -> 2.2762942 | N7: =MAX(0,MIN(10,(PERCENTILE(Indicators!$K$2:$K$121,0.95)-Table1[[#This Row],[Net FII (cr)]])/(PERCENTILE(Indicators!$K$2:$K$121,0.95)-PERCENTILE(Indicators!$K$2:$K$121,0.05))*10)) -> 3.5173966
A8: USD/INR % CHANGE | B8: ⬆️ High Change = High Risk | C8: NORMAL | E8: 41944 | F8: =MAX(0,MIN(10,(PERCENTILE(Indicators!$K$2:$K$121,0.95)-Table1[[#This Row],[Net FII (cr)]])/(PERCENTILE(Indicators!$K$2:$K$121,0.95)-PERCENTILE(Indicators!$K$2:$K$121,0.05))*10)) -> 3.9952998 | G8: =MAX(0,MIN(10,(Indicators!C9-PERCENTILE(Indicators!$C:$C,0.05))/(PERCENTILE(Indicators!$C:$C,0.95)-PERCENTILE(Indicators!$C:$C,0.05))*10)) -> 1.1824259 | H8: =MAX(0,MIN(10,(Indicators!D9-PERCENTILE(Indicators!$D:$D,0.05))/(PERCENTILE(Indicators!$D:$D,0.95)-PERCENTILE(Indicators!$D:$D,0.05))*10)) -> 10 | I8: =MAX(0,MIN(10,(Table1[[#This Row],[INDIA VIX]]-PERCENTILE(Indicators!$E$2:$E$121,0.05))/(PERCENTILE(Indicators!$E$2:$E$121,0.95)-PERCENTILE(Indicators!$E$2:$E$121,0.05))*10)) -> 0.95271416 | J8: =MAX(0,MIN(10,(Indicators!G9-PERCENTILE(Indicators!$G:$G,0.05))/(PERCENTILE(Indicators!$G:$G,0.95)-PERCENTILE(Indicators!$G:$G,0.05))*10)) -> 2.0124756 | K8: =MAX(0,MIN(10,(Indicators!H9-PERCENTILE(Indicators!$H:$H,0.05))/(PERCENTILE(Indicators!$H:$H,0.95)-PERCENTILE(Indicators!$H:$H,0.05))*10)) -> 1.2657167 | L8: =MAX(0,MIN(10,(Indicators!I9-PERCENTILE(Indicators!$I:$I,0.05))/(PERCENTILE(Indicators!$I:$I,0.95)-PERCENTILE(Indicators!$I:$I,0.05))*10)) -> 7.2260656 | M8: =MAX(0,MIN(10,(Indicators!J9-PERCENTILE(Indicators!$J:$J,0.05))/(PERCENTILE(Indicators!$J:$J,0.95)-PERCENTILE(Indicators!$J:$J,0.05))*10)) -> 0 | N8: =MAX(0,MIN(10,(PERCENTILE(Indicators!$K$2:$K$121,0.95)-Table1[[#This Row],[Net FII (cr)]])/(PERCENTILE(Indicators!$K$2:$K$121,0.95)-PERCENTILE(Indicators!$K$2:$K$121,0.05))*10)) -> 3.9952998
A9: OIL % CHANGE | B9: ⬆️ High Change = High Risk | C9: NORMAL | E9: 41974 | F9: =MAX(0,MIN(10,(PERCENTILE(Indicators!$K$2:$K$121,0.95)-Table1[[#This Row],[Net FII (cr)]])/(PERCENTILE(Indicators!$K$2:$K$121,0.95)-PERCENTILE(Indicators!$K$2:$K$121,0.05))*10)) -> 3.0099905 | G9: =MAX(0,MIN(10,(Indicators!C10-PERCENTILE(Indicators!$C:$C,0.05))/(PERCENTILE(Indicators!$C:$C,0.95)-PERCENTILE(Indicators!$C:$C,0.05))*10)) -> 3.175733 | H9: =MAX(0,MIN(10,(Indicators!D10-PERCENTILE(Indicators!$D:$D,0.05))/(PERCENTILE(Indicators!$D:$D,0.95)-PERCENTILE(Indicators!$D:$D,0.05))*10)) -> 10 | I9: =MAX(0,MIN(10,(Table1[[#This Row],[INDIA VIX]]-PERCENTILE(Indicators!$E$2:$E$121,0.05))/(PERCENTILE(Indicators!$E$2:$E$121,0.95)-PERCENTILE(Indicators!$E$2:$E$121,0.05))*10)) -> 0.71084676 | J9: =MAX(0,MIN(10,(Indicators!G10-PERCENTILE(Indicators!$G:$G,0.05))/(PERCENTILE(Indicators!$G:$G,0.95)-PERCENTILE(Indicators!$G:$G,0.05))*10)) -> 3.1577126 | K9: =MAX(0,MIN(10,(Indicators!H10-PERCENTILE(Indicators!$H:$H,0.05))/(PERCENTILE(Indicators!$H:$H,0.95)-PERCENTILE(Indicators!$H:$H,0.05))*10)) -> 0.6789606 | L9: =MAX(0,MIN(10,(Indicators!I10-PERCENTILE(Indicators!$I:$I,0.05))/(PERCENTILE(Indicators!$I:$I,0.95)-PERCENTILE(Indicators!$I:$I,0.05))*10)) -> 7.293015 | M9: =MAX(0,MIN(10,(Indicators!J10-PERCENTILE(Indicators!$J:$J,0.05))/(PERCENTILE(Indicators!$J:$J,0.95)-PERCENTILE(Indicators!$J:$J,0.05))*10)) -> 0 | N9: =MAX(0,MIN(10,(PERCENTILE(Indicators!$K$2:$K$121,0.95)-Table1[[#This Row],[Net FII (cr)]])/(PERCENTILE(Indicators!$K$2:$K$121,0.95)-PERCENTILE(Indicators!$K$2:$K$121,0.05))*10)) -> 3.0099905
A10: Net FII (cr) | B10: ⬇️ High Inflow = Low Risk | C10: INVERSE | E10: 42005 | F10: =MAX(0,MIN(10,(PERCENTILE(Indicators!$K$2:$K$121,0.95)-Table1[[#This Row],[Net FII (cr)]])/(PERCENTILE(Indicators!$K$2:$K$121,0.95)-PERCENTILE(Indicators!$K$2:$K$121,0.05))*10)) -> 4.5024807 | G10: =MAX(0,MIN(10,(Indicators!C11-PERCENTILE(Indicators!$C:$C,0.05))/(PERCENTILE(Indicators!$C:$C,0.95)-PERCENTILE(Indicators!$C:$C,0.05))*10)) -> 5.5291763 | H10: =MAX(0,MIN(10,(Indicators!D11-PERCENTILE(Indicators!$D:$D,0.05))/(PERCENTILE(Indicators!$D:$D,0.95)-PERCENTILE(Indicators!$D:$D,0.05))*10)) -> 10 | I10: =MAX(0,MIN(10,(Table1[[#This Row],[INDIA VIX]]-PERCENTILE(Indicators!$E$2:$E$121,0.05))/(PERCENTILE(Indicators!$E$2:$E$121,0.95)-PERCENTILE(Indicators!$E$2:$E$121,0.05))*10)) -> 2.0631745 | J10: =MAX(0,MIN(10,(Indicators!G11-PERCENTILE(Indicators!$G:$G,0.05))/(PERCENTILE(Indicators!$G:$G,0.95)-PERCENTILE(Indicators!$G:$G,0.05))*10)) -> 2.6735311 | K10: =MAX(0,MIN(10,(Indicators!H11-PERCENTILE(Indicators!$H:$H,0.05))/(PERCENTILE(Indicators!$H:$H,0.95)-PERCENTILE(Indicators!$H:$H,0.05))*10)) -> 1.7686505 | L10: =MAX(0,MIN(10,(Indicators!I11-PERCENTILE(Indicators!$I:$I,0.05))/(PERCENTILE(Indicators!$I:$I,0.95)-PERCENTILE(Indicators!$I:$I,0.05))*10)) -> 0.68734657 | M10: =MAX(0,MIN(10,(Indicators!J11-PERCENTILE(Indicators!$J:$J,0.05))/(PERCENTILE(Indicators!$J:$J,0.95)-PERCENTILE(Indicators!$J:$J,0.05))*10)) -> 2.9276387 | N10: =MAX(0,MIN(10,(PERCENTILE(Indicators!$K$2:$K$121,0.95)-Table1[[#This Row],[Net FII (cr)]])/(PERCENTILE(Indicators!$K$2:$K$121,0.95)-PERCENTILE(Indicators!$K$2:$K$121,0.05))*10)) -> 4.5024807
E11: 42036 | F11: =MAX(0,MIN(10,(PERCENTILE(Indicators!$K$2:$K$121,0.95)-Table1[[#This Row],[Net FII (cr)]])/(PERCENTILE(Indicators!$K$2:$K$121,0.95)-PERCENTILE(Indicators!$K$2:$K$121,0.05))*10)) -> 2.085714 | G11: =MAX(0,MIN(10,(Indicators!C12-PERCENTILE(Indicators!$C:$C,0.05))/(PERCENTILE(Indicators!$C:$C,0.95)-PERCENTILE(Indicators!$C:$C,0.05))*10)) -> 6.4183557 | H11: =MAX(0,MIN(10,(Indicators!D12-PERCENTILE(Indicators!$D:$D,0.05))/(PERCENTILE(Indicators!$D:$D,0.95)-PERCENTILE(Indicators!$D:$D,0.05))*10)) -> 9.375 | I11: =MAX(0,MIN(10,(Table1[[#This Row],[INDIA VIX]]-PERCENTILE(Indicators!$E$2:$E$121,0.05))/(PERCENTILE(Indicators!$E$2:$E$121,0.95)-PERCENTILE(Indicators!$E$2:$E$121,0.05))*10)) -> 5.1374765 | J11: =MAX(0,MIN(10,(Indicators!G12-PERCENTILE(Indicators!$G:$G,0.05))/(PERCENTILE(Indicators!$G:$G,0.95)-PERCENTILE(Indicators!$G:$G,0.05))*10)) -> 1.525898 | K11: =MAX(0,MIN(10,(Indicators!H12-PERCENTILE(Indicators!$H:$H,0.05))/(PERCENTILE(Indicators!$H:$H,0.95)-PERCENTILE(Indicators!$H:$H,0.05))*10)) -> 2.8583403 | L11: =MAX(0,MIN(10,(Indicators!I12-PERCENTILE(Indicators!$I:$I,0.05))/(PERCENTILE(Indicators!$I:$I,0.95)-PERCENTILE(Indicators!$I:$I,0.05))*10)) -> 3.0082571 | M11: =MAX(0,MIN(10,(Indicators!J12-PERCENTILE(Indicators!$J:$J,0.05))/(PERCENTILE(Indicators!$J:$J,0.95)-PERCENTILE(Indicators!$J:$J,0.05))*10)) -> 10 | N11: =MAX(0,MIN(10,(PERCENTILE(Indicators!$K$2:$K$121,0.95)-Table1[[#This Row],[Net FII (cr)]])/(PERCENTILE(Indicators!$K$2:$K$121,0.95)-PERCENTILE(Indicators!$K$2:$K$121,0.05))*10)) -> 2.085714
E12: 42064 | F12: =MAX(0,MIN(10,(PERCENTILE(Indicators!$K$2:$K$121,0.95)-Table1[[#This Row],[Net FII (cr)]])/(PERCENTILE(Indicators!$K$2:$K$121,0.95)-PERCENTILE(Indicators!$K$2:$K$121,0.05))*10)) -> 3.1130257 | G12: =MAX(0,MIN(10,(Indicators!C13-PERCENTILE(Indicators!$C:$C,0.05))/(PERCENTILE(Indicators!$C:$C,0.95)-PERCENTILE(Indicators!$C:$C,0.05))*10)) -> 6.184986 | H12: =MAX(0,MIN(10,(Indicators!D13-PERCENTILE(Indicators!$D:$D,0.05))/(PERCENTILE(Indicators!$D:$D,0.95)-PERCENTILE(Indicators!$D:$D,0.05))*10)) -> 9.375 | I12: =MAX(0,MIN(10,(Table1[[#This Row],[INDIA VIX]]-PERCENTILE(Indicators!$E$2:$E$121,0.05))/(PERCENTILE(Indicators!$E$2:$E$121,0.95)-PERCENTILE(Indicators!$E$2:$E$121,0.05))*10)) -> 3.1888467 | J12: =MAX(0,MIN(10,(Indicators!G13-PERCENTILE(Indicators!$G:$G,0.05))/(PERCENTILE(Indicators!$G:$G,0.95)-PERCENTILE(Indicators!$G:$G,0.05))*10)) -> 2.1623632 | K12: =MAX(0,MIN(10,(Indicators!H13-PERCENTILE(Indicators!$H:$H,0.05))/(PERCENTILE(Indicators!$H:$H,0.95)-PERCENTILE(Indicators!$H:$H,0.05))*10)) -> 1.9362951 | L12: =MAX(0,MIN(10,(Indicators!I13-PERCENTILE(Indicators!$I:$I,0.05))/(PERCENTILE(Indicators!$I:$I,0.95)-PERCENTILE(Indicators!$I:$I,0.05))*10)) -> 6.6012051 | M12: =MAX(0,MIN(10,(Indicators!J13-PERCENTILE(Indicators!$J:$J,0.05))/(PERCENTILE(Indicators!$J:$J,0.95)-PERCENTILE(Indicators!$J:$J,0.05))*10)) -> 1.7893366 | N12: =MAX(0,MIN(10,(PERCENTILE(Indicators!$K$2:$K$121,0.95)-Table1[[#This Row],[Net FII (cr)]])/(PERCENTILE(Indicators!$K$2:$K$121,0.95)-PERCENTILE(Indicators!$K$2:$K$121,0.05))*10)) -> 3.1130257
E13: 42095 | F13: =MAX(0,MIN(10,(PERCENTILE(Indicators!$K$2:$K$121,0.95)-Table1[[#This Row],[Net FII (cr)]])/(PERCENTILE(Indicators!$K$2:$K$121,0.95)-PERCENTILE(Indicators!$K$2:$K$121,0.05))*10)) -> 3.5453231 | G13: =MAX(0,MIN(10,(Indicators!C14-PERCENTILE(Indicators!$C:$C,0.05))/(PERCENTILE(Indicators!$C:$C,0.95)-PERCENTILE(Indicators!$C:$C,0.05))*10)) -> 4.584014 | H13: =MAX(0,MIN(10,(Indicators!D14-PERCENTILE(Indicators!$D:$D,0.05))/(PERCENTILE(Indicators!$D:$D,0.95)-PERCENTILE(Indicators!$D:$D,0.05))*10)) -> 8.75 | I13: =MAX(0,MIN(10,(Table1[[#This Row],[INDIA VIX]]-PERCENTILE(Indicators!$E$2:$E$121,0.05))/(PERCENTILE(Indicators!$E$2:$E$121,0.95)-PERCENTILE(Indicators!$E$2:$E$121,0.05))*10)) -> 1.6813587 | J13: =MAX(0,MIN(10,(Indicators!G14-PERCENTILE(Indicators!$G:$G,0.05))/(PERCENTILE(Indicators!$G:$G,0.95)-PERCENTILE(Indicators!$G:$G,0.05))*10)) -> 3.6255771 | K13: =MAX(0,MIN(10,(Indicators!H14-PERCENTILE(Indicators!$H:$H,0.05))/(PERCENTILE(Indicators!$H:$H,0.95)-PERCENTILE(Indicators!$H:$H,0.05))*10)) -> 1.4333613 | L13: =MAX(0,MIN(10,(Indicators!I14-PERCENTILE(Indicators!$I:$I,0.05))/(PERCENTILE(Indicators!$I:$I,0.95)-PERCENTILE(Indicators!$I:$I,0.05))*10)) -> 8.743584 | M13: =MAX(0,MIN(10,(Indicators!J14-PERCENTILE(Indicators!$J:$J,0.05))/(PERCENTILE(Indicators!$J:$J,0.95)-PERCENTILE(Indicators!$J:$J,0.05))*10)) -> 10 | N13: =MAX(0,MIN(10,(PERCENTILE(Indicators!$K$2:$K$121,0.95)-Table1[[#This Row],[Net FII (cr)]])/(PERCENTILE(Indicators!$K$2:$K$121,0.95)-PERCENTILE(Indicators!$K$2:$K$121,0.05))*10)) -> 3.5453231
E14: 42125 | F14: =MAX(0,MIN(10,(PERCENTILE(Indicators!$K$2:$K$121,0.95)-Table1[[#This Row],[Net FII (cr)]])/(PERCENTILE(Indicators!$K$2:$K$121,0.95)-PERCENTILE(Indicators!$K$2:$K$121,0.05))*10)) -> 4.1527241 | G14: =MAX(0,MIN(10,(Indicators!C15-PERCENTILE(Indicators!$C:$C,0.05))/(PERCENTILE(Indicators!$C:$C,0.95)-PERCENTILE(Indicators!$C:$C,0.05))*10)) -> 4.8684551 | H14: =MAX(0,MIN(10,(Indicators!D15-PERCENTILE(Indicators!$D:$D,0.05))/(PERCENTILE(Indicators!$D:$D,0.95)-PERCENTILE(Indicators!$D:$D,0.05))*10)) -> 8.75 | I14: =MAX(0,MIN(10,(Table1[[#This Row],[INDIA VIX]]-PERCENTILE(Indicators!$E$2:$E$121,0.05))/(PERCENTILE(Indicators!$E$2:$E$121,0.95)-PERCENTILE(Indicators!$E$2:$E$121,0.05))*10)) -> 3.3440069 | J14: =MAX(0,MIN(10,(Indicators!G15-PERCENTILE(Indicators!$G:$G,0.05))/(PERCENTILE(Indicators!$G:$G,0.95)-PERCENTILE(Indicators!$G:$G,0.05))*10)) -> 2.8760697 | K14: =MAX(0,MIN(10,(Indicators!H15-PERCENTILE(Indicators!$H:$H,0.05))/(PERCENTILE(Indicators!$H:$H,0.95)-PERCENTILE(Indicators!$H:$H,0.05))*10)) -> 2.2715842 | L14: =MAX(0,MIN(10,(Indicators!I15-PERCENTILE(Indicators!$I:$I,0.05))/(PERCENTILE(Indicators!$I:$I,0.95)-PERCENTILE(Indicators!$I:$I,0.05))*10)) -> 5.0613702 | M14: =MAX(0,MIN(10,(Indicators!J15-PERCENTILE(Indicators!$J:$J,0.05))/(PERCENTILE(Indicators!$J:$J,0.95)-PERCENTILE(Indicators!$J:$J,0.05))*10)) -> 4.5963215 | N14: =MAX(0,MIN(10,(PERCENTILE(Indicators!$K$2:$K$121,0.95)-Table1[[#This Row],[Net FII (cr)]])/(PERCENTILE(Indicators!$K$2:$K$121,0.95)-PERCENTILE(Indicators!$K$2:$K$121,0.05))*10)) -> 4.1527241
E15: 42156 | F15: =MAX(0,MIN(10,(PERCENTILE(Indicators!$K$2:$K$121,0.95)-Table1[[#This Row],[Net FII (cr)]])/(PERCENTILE(Indicators!$K$2:$K$121,0.95)-PERCENTILE(Indicators!$K$2:$K$121,0.05))*10)) -> 7.4862226 | G15: =MAX(0,MIN(10,(Indicators!C16-PERCENTILE(Indicators!$C:$C,0.05))/(PERCENTILE(Indicators!$C:$C,0.95)-PERCENTILE(Indicators!$C:$C,0.05))*10)) -> 5.6422203 | H15: =MAX(0,MIN(10,(Indicators!D16-PERCENTILE(Indicators!$D:$D,0.05))/(PERCENTILE(Indicators!$D:$D,0.95)-PERCENTILE(Indicators!$D:$D,0.05))*10)) -> 8.75 | I15: =MAX(0,MIN(10,(Table1[[#This Row],[INDIA VIX]]-PERCENTILE(Indicators!$E$2:$E$121,0.05))/(PERCENTILE(Indicators!$E$2:$E$121,0.95)-PERCENTILE(Indicators!$E$2:$E$121,0.05))*10)) -> 2.9986994 | J15: =MAX(0,MIN(10,(Indicators!G16-PERCENTILE(Indicators!$G:$G,0.05))/(PERCENTILE(Indicators!$G:$G,0.95)-PERCENTILE(Indicators!$G:$G,0.05))*10)) -> 2.6952274 | K15: =MAX(0,MIN(10,(Indicators!H16-PERCENTILE(Indicators!$H:$H,0.05))/(PERCENTILE(Indicators!$H:$H,0.95)-PERCENTILE(Indicators!$H:$H,0.05))*10)) -> 2.3554065 | L15: =MAX(0,MIN(10,(Indicators!I16-PERCENTILE(Indicators!$I:$I,0.05))/(PERCENTILE(Indicators!$I:$I,0.95)-PERCENTILE(Indicators!$I:$I,0.05))*10)) -> 3.8116492 | M15: =MAX(0,MIN(10,(Indicators!J16-PERCENTILE(Indicators!$J:$J,0.05))/(PERCENTILE(Indicators!$J:$J,0.95)-PERCENTILE(Indicators!$J:$J,0.05))*10)) -> 4.2613443 | N15: =MAX(0,MIN(10,(PERCENTILE(Indicators!$K$2:$K$121,0.95)-Table1[[#This Row],[Net FII (cr)]])/(PERCENTILE(Indicators!$K$2:$K$121,0.95)-PERCENTILE(Indicators!$K$2:$K$121,0.05))*10)) -> 7.4862226
E16: 42186 | F16: =MAX(0,MIN(10,(PERCENTILE(Indicators!$K$2:$K$121,0.95)-Table1[[#This Row],[Net FII (cr)]])/(PERCENTILE(Indicators!$K$2:$K$121,0.95)-PERCENTILE(Indicators!$K$2:$K$121,0.05))*10)) -> 6.0600577 | G16: =MAX(0,MIN(10,(Indicators!C17-PERCENTILE(Indicators!$C:$C,0.05))/(PERCENTILE(Indicators!$C:$C,0.95)-PERCENTILE(Indicators!$C:$C,0.05))*10)) -> 2.253601 | H16: =MAX(0,MIN(10,(Indicators!D17-PERCENTILE(Indicators!$D:$D,0.05))/(PERCENTILE(Indicators!$D:$D,0.95)-PERCENTILE(Indicators!$D:$D,0.05))*10)) -> 8.125 | I16: =MAX(0,MIN(10,(Table1[[#This Row],[INDIA VIX]]-PERCENTILE(Indicators!$E$2:$E$121,0.05))/(PERCENTILE(Indicators!$E$2:$E$121,0.95)-PERCENTILE(Indicators!$E$2:$E$121,0.05))*10)) -> 3.1629867 | J16: =MAX(0,MIN(10,(Indicators!G17-PERCENTILE(Indicators!$G:$G,0.05))/(PERCENTILE(Indicators!$G:$G,0.95)-PERCENTILE(Indicators!$G:$G,0.05))*10)) -> 1.245424 | K16: =MAX(0,MIN(10,(Indicators!H17-PERCENTILE(Indicators!$H:$H,0.05))/(PERCENTILE(Indicators!$H:$H,0.95)-PERCENTILE(Indicators!$H:$H,0.05))*10)) -> 2.6068734 | L16: =MAX(0,MIN(10,(Indicators!I17-PERCENTILE(Indicators!$I:$I,0.05))/(PERCENTILE(Indicators!$I:$I,0.95)-PERCENTILE(Indicators!$I:$I,0.05))*10)) -> 5.6415979 | M16: =MAX(0,MIN(10,(Indicators!J17-PERCENTILE(Indicators!$J:$J,0.05))/(PERCENTILE(Indicators!$J:$J,0.95)-PERCENTILE(Indicators!$J:$J,0.05))*10)) -> 0 | N16: =MAX(0,MIN(10,(PERCENTILE(Indicators!$K$2:$K$121,0.95)-Table1[[#This Row],[Net FII (cr)]])/(PERCENTILE(Indicators!$K$2:$K$121,0.95)-PERCENTILE(Indicators!$K$2:$K$121,0.05))*10)) -> 6.0600577
E17: 42217 | F17: =MAX(0,MIN(10,(PERCENTILE(Indicators!$K$2:$K$121,0.95)-Table1[[#This Row],[Net FII (cr)]])/(PERCENTILE(Indicators!$K$2:$K$121,0.95)-PERCENTILE(Indicators!$K$2:$K$121,0.05))*10)) -> 5.2796927 | G17: =MAX(0,MIN(10,(Indicators!C18-PERCENTILE(Indicators!$C:$C,0.05))/(PERCENTILE(Indicators!$C:$C,0.95)-PERCENTILE(Indicators!$C:$C,0.05))*10)) -> 2.3516028 | H17: =MAX(0,MIN(10,(Indicators!D18-PERCENTILE(Indicators!$D:$D,0.05))/(PERCENTILE(Indicators!$D:$D,0.95)-PERCENTILE(Indicators!$D:$D,0.05))*10)) -> 8.125 | I17: =MAX(0,MIN(10,(Table1[[#This Row],[INDIA VIX]]-PERCENTILE(Indicators!$E$2:$E$121,0.05))/(PERCENTILE(Indicators!$E$2:$E$121,0.95)-PERCENTILE(Indicators!$E$2:$E$121,0.05))*10)) -> 1.7285153 | J17: =MAX(0,MIN(10,(Indicators!G18-PERCENTILE(Indicators!$G:$G,0.05))/(PERCENTILE(Indicators!$G:$G,0.95)-PERCENTILE(Indicators!$G:$G,0.05))*10)) -> 3.800807 | K17: =MAX(0,MIN(10,(Indicators!H18-PERCENTILE(Indicators!$H:$H,0.05))/(PERCENTILE(Indicators!$H:$H,0.95)-PERCENTILE(Indicators!$H:$H,0.05))*10)) -> 1.4333613 | L17: =MAX(0,MIN(10,(Indicators!I18-PERCENTILE(Indicators!$I:$I,0.05))/(PERCENTILE(Indicators!$I:$I,0.95)-PERCENTILE(Indicators!$I:$I,0.05))*10)) -> 10 | M17: =MAX(0,MIN(10,(Indicators!J18-PERCENTILE(Indicators!$J:$J,0.05))/(PERCENTILE(Indicators!$J:$J,0.95)-PERCENTILE(Indicators!$J:$J,0.05))*10)) -> 6.4542043 | N17: =MAX(0,MIN(10,(PERCENTILE(Indicators!$K$2:$K$121,0.95)-Table1[[#This Row],[Net FII (cr)]])/(PERCENTILE(Indicators!$K$2:$K$121,0.95)-PERCENTILE(Indicators!$K$2:$K$121,0.05))*10)) -> 5.2796927
E18: 42248 | F18: =MAX(0,MIN(10,(PERCENTILE(Indicators!$K$2:$K$121,0.95)-Table1[[#This Row],[Net FII (cr)]])/(PERCENTILE(Indicators!$K$2:$K$121,0.95)-PERCENTILE(Indicators!$K$2:$K$121,0.05))*10)) -> 7.8524198 | G18: =MAX(0,MIN(10,(Indicators!C19-PERCENTILE(Indicators!$C:$C,0.05))/(PERCENTILE(Indicators!$C:$C,0.95)-PERCENTILE(Indicators!$C:$C,0.05))*10)) -> 3.6861451 | H18: =MAX(0,MIN(10,(Indicators!D19-PERCENTILE(Indicators!$D:$D,0.05))/(PERCENTILE(Indicators!$D:$D,0.95)-PERCENTILE(Indicators!$D:$D,0.05))*10)) -> 8.125 | I18: =MAX(0,MIN(10,(Table1[[#This Row],[INDIA VIX]]-PERCENTILE(Indicators!$E$2:$E$121,0.05))/(PERCENTILE(Indicators!$E$2:$E$121,0.95)-PERCENTILE(Indicators!$E$2:$E$121,0.05))*10)) -> 7.8284415 | J18: =MAX(0,MIN(10,(Indicators!G19-PERCENTILE(Indicators!$G:$G,0.05))/(PERCENTILE(Indicators!$G:$G,0.95)-PERCENTILE(Indicators!$G:$G,0.05))*10)) -> 3.2920273 | K18: =MAX(0,MIN(10,(Indicators!H19-PERCENTILE(Indicators!$H:$H,0.05))/(PERCENTILE(Indicators!$H:$H,0.95)-PERCENTILE(Indicators!$H:$H,0.05))*10)) -> 1.5171836 | L18: =MAX(0,MIN(10,(Indicators!I19-PERCENTILE(Indicators!$I:$I,0.05))/(PERCENTILE(Indicators!$I:$I,0.95)-PERCENTILE(Indicators!$I:$I,0.05))*10)) -> 1.2898906 | M18: =MAX(0,MIN(10,(Indicators!J19-PERCENTILE(Indicators!$J:$J,0.05))/(PERCENTILE(Indicators!$J:$J,0.95)-PERCENTILE(Indicators!$J:$J,0.05))*10)) -> 1.8482677 | N18: =MAX(0,MIN(10,(PERCENTILE(Indicators!$K$2:$K$121,0.95)-Table1[[#This Row],[Net FII (cr)]])/(PERCENTILE(Indicators!$K$2:$K$121,0.95)-PERCENTILE(Indicators!$K$2:$K$121,0.05))*10)) -> 7.8524198
E19: 42278 | F19: =MAX(0,MIN(10,(PERCENTILE(Indicators!$K$2:$K$121,0.95)-Table1[[#This Row],[Net FII (cr)]])/(PERCENTILE(Indicators!$K$2:$K$121,0.95)-PERCENTILE(Indicators!$K$2:$K$121,0.05))*10)) -> 6.530754 | G19: =MAX(0,MIN(10,(Indicators!C20-PERCENTILE(Indicators!$C:$C,0.05))/(PERCENTILE(Indicators!$C:$C,0.95)-PERCENTILE(Indicators!$C:$C,0.05))*10)) -> 4.8430506 | H19: =MAX(0,MIN(10,(Indicators!D20-PERCENTILE(Indicators!$D:$D,0.05))/(PERCENTILE(Indicators!$D:$D,0.95)-PERCENTILE(Indicators!$D:$D,0.05))*10)) -> 6.875 | I19: =MAX(0,MIN(10,(Table1[[#This Row],[INDIA VIX]]-PERCENTILE(Indicators!$E$2:$E$121,0.05))/(PERCENTILE(Indicators!$E$2:$E$121,0.95)-PERCENTILE(Indicators!$E$2:$E$121,0.05))*10)) -> 4.8043384 | J19: =MAX(0,MIN(10,(Indicators!G20-PERCENTILE(Indicators!$G:$G,0.05))/(PERCENTILE(Indicators!$G:$G,0.95)-PERCENTILE(Indicators!$G:$G,0.05))*10)) -> 3.430526 | K19: =MAX(0,MIN(10,(Indicators!H20-PERCENTILE(Indicators!$H:$H,0.05))/(PERCENTILE(Indicators!$H:$H,0.95)-PERCENTILE(Indicators!$H:$H,0.05))*10)) -> 1.4333613 | L19: =MAX(0,MIN(10,(Indicators!I20-PERCENTILE(Indicators!$I:$I,0.05))/(PERCENTILE(Indicators!$I:$I,0.95)-PERCENTILE(Indicators!$I:$I,0.05))*10)) -> 3.9901808 | M19: =MAX(0,MIN(10,(Indicators!J20-PERCENTILE(Indicators!$J:$J,0.05))/(PERCENTILE(Indicators!$J:$J,0.95)-PERCENTILE(Indicators!$J:$J,0.05))*10)) -> 5.9951614 | N19: =MAX(0,MIN(10,(PERCENTILE(Indicators!$K$2:$K$121,0.95)-Table1[[#This Row],[Net FII (cr)]])/(PERCENTILE(Indicators!$K$2:$K$121,0.95)-PERCENTILE(Indicators!$K$2:$K$121,0.05))*10)) -> 6.530754
E20: 42309 | F20: =MAX(0,MIN(10,(PERCENTILE(Indicators!$K$2:$K$121,0.95)-Table1[[#This Row],[Net FII (cr)]])/(PERCENTILE(Indicators!$K$2:$K$121,0.95)-PERCENTILE(Indicators!$K$2:$K$121,0.05))*10)) -> 3.3621119 | G20: =MAX(0,MIN(10,(Indicators!C21-PERCENTILE(Indicators!$C:$C,0.05))/(PERCENTILE(Indicators!$C:$C,0.95)-PERCENTILE(Indicators!$C:$C,0.05))*10)) -> 5.6694117 | H20: =MAX(0,MIN(10,(Indicators!D21-PERCENTILE(Indicators!$D:$D,0.05))/(PERCENTILE(Indicators!$D:$D,0.95)-PERCENTILE(Indicators!$D:$D,0.05))*10)) -> 6.875 | I20: =MAX(0,MIN(10,(Table1[[#This Row],[INDIA VIX]]-PERCENTILE(Indicators!$E$2:$E$121,0.05))/(PERCENTILE(Indicators!$E$2:$E$121,0.95)-PERCENTILE(Indicators!$E$2:$E$121,0.05))*10)) -> 3.7425557 | J20: =MAX(0,MIN(10,(Indicators!G21-PERCENTILE(Indicators!$G:$G,0.05))/(PERCENTILE(Indicators!$G:$G,0.95)-PERCENTILE(Indicators!$G:$G,0.05))*10)) -> 2.7294193 | K20: =MAX(0,MIN(10,(Indicators!H21-PERCENTILE(Indicators!$H:$H,0.05))/(PERCENTILE(Indicators!$H:$H,0.95)-PERCENTILE(Indicators!$H:$H,0.05))*10)) -> 0.93042749 | L20: =MAX(0,MIN(10,(Indicators!I21-PERCENTILE(Indicators!$I:$I,0.05))/(PERCENTILE(Indicators!$I:$I,0.95)-PERCENTILE(Indicators!$I:$I,0.05))*10)) -> 7.8509261 | M20: =MAX(0,MIN(10,(Indicators!J21-PERCENTILE(Indicators!$J:$J,0.05))/(PERCENTILE(Indicators!$J:$J,0.95)-PERCENTILE(Indicators!$J:$J,0.05))*10)) -> 2.0715859 | N20: =MAX(0,MIN(10,(PERCENTILE(Indicators!$K$2:$K$121,0.95)-Table1[[#This Row],[Net FII (cr)]])/(PERCENTILE(Indicators!$K$2:$K$121,0.95)-PERCENTILE(Indicators!$K$2:$K$121,0.05))*10)) -> 3.3621119
E21: 42339 | F21: =MAX(0,MIN(10,(PERCENTILE(Indicators!$K$2:$K$121,0.95)-Table1[[#This Row],[Net FII (cr)]])/(PERCENTILE(Indicators!$K$2:$K$121,0.95)-PERCENTILE(Indicators!$K$2:$K$121,0.05))*10)) -> 7.0984048 | G21: =MAX(0,MIN(10,(Indicators!C22-PERCENTILE(Indicators!$C:$C,0.05))/(PERCENTILE(Indicators!$C:$C,0.95)-PERCENTILE(Indicators!$C:$C,0.05))*10)) -> 6.0648746 | H21: =MAX(0,MIN(10,(Indicators!D22-PERCENTILE(Indicators!$D:$D,0.05))/(PERCENTILE(Indicators!$D:$D,0.95)-PERCENTILE(Indicators!$D:$D,0.05))*10)) -> 6.875 | I21: =MAX(0,MIN(10,(Table1[[#This Row],[INDIA VIX]]-PERCENTILE(Indicators!$E$2:$E$121,0.05))/(PERCENTILE(Indicators!$E$2:$E$121,0.95)-PERCENTILE(Indicators!$E$2:$E$121,0.05))*10)) -> 2.8602721 | J21: =MAX(0,MIN(10,(Indicators!G22-PERCENTILE(Indicators!$G:$G,0.05))/(PERCENTILE(Indicators!$G:$G,0.95)-PERCENTILE(Indicators!$G:$G,0.05))*10)) -> 2.5434583 | K21: =MAX(0,MIN(10,(Indicators!H22-PERCENTILE(Indicators!$H:$H,0.05))/(PERCENTILE(Indicators!$H:$H,0.95)-PERCENTILE(Indicators!$H:$H,0.05))*10)) -> 0.93042749 | L21: =MAX(0,MIN(10,(Indicators!I22-PERCENTILE(Indicators!$I:$I,0.05))/(PERCENTILE(Indicators!$I:$I,0.95)-PERCENTILE(Indicators!$I:$I,0.05))*10)) -> 3.454586 | M21: =MAX(0,MIN(10,(Indicators!J22-PERCENTILE(Indicators!$J:$J,0.05))/(PERCENTILE(Indicators!$J:$J,0.95)-PERCENTILE(Indicators!$J:$J,0.05))*10)) -> 0.0089947582 | N21: =MAX(0,MIN(10,(PERCENTILE(Indicators!$K$2:$K$121,0.95)-Table1[[#This Row],[Net FII (cr)]])/(PERCENTILE(Indicators!$K$2:$K$121,0.95)-PERCENTILE(Indicators!$K$2:$K$121,0.05))*10)) -> 7.0984048
E22: 42370 | F22: =MAX(0,MIN(10,(PERCENTILE(Indicators!$K$2:$K$121,0.95)-Table1[[#This Row],[Net FII (cr)]])/(PERCENTILE(Indicators!$K$2:$K$121,0.95)-PERCENTILE(Indicators!$K$2:$K$121,0.05))*10)) -> 6.8145231 | G22: =MAX(0,MIN(10,(Indicators!C23-PERCENTILE(Indicators!$C:$C,0.05))/(PERCENTILE(Indicators!$C:$C,0.95)-PERCENTILE(Indicators!$C:$C,0.05))*10)) -> 6.221656 | H22: =MAX(0,MIN(10,(Indicators!D23-PERCENTILE(Indicators!$D:$D,0.05))/(PERCENTILE(Indicators!$D:$D,0.95)-PERCENTILE(Indicators!$D:$D,0.05))*10)) -> 6.875 | I22: =MAX(0,MIN(10,(Table1[[#This Row],[INDIA VIX]]-PERCENTILE(Indicators!$E$2:$E$121,0.05))/(PERCENTILE(Indicators!$E$2:$E$121,0.95)-PERCENTILE(Indicators!$E$2:$E$121,0.05))*10)) -> 1.3025852 | J22: =MAX(0,MIN(10,(Indicators!G23-PERCENTILE(Indicators!$G:$G,0.05))/(PERCENTILE(Indicators!$G:$G,0.95)-PERCENTILE(Indicators!$G:$G,0.05))*10)) -> 5.020258 | K22: =MAX(0,MIN(10,(Indicators!H23-PERCENTILE(Indicators!$H:$H,0.05))/(PERCENTILE(Indicators!$H:$H,0.95)-PERCENTILE(Indicators!$H:$H,0.05))*10)) -> 0 | L22: =MAX(0,MIN(10,(Indicators!I23-PERCENTILE(Indicators!$I:$I,0.05))/(PERCENTILE(Indicators!$I:$I,0.95)-PERCENTILE(Indicators!$I:$I,0.05))*10)) -> 9.9263557 | M22: =MAX(0,MIN(10,(Indicators!J23-PERCENTILE(Indicators!$J:$J,0.05))/(PERCENTILE(Indicators!$J:$J,0.95)-PERCENTILE(Indicators!$J:$J,0.05))*10)) -> 3.814708 | N22: =MAX(0,MIN(10,(PERCENTILE(Indicators!$K$2:$K$121,0.95)-Table1[[#This Row],[Net FII (cr)]])/(PERCENTILE(Indicators!$K$2:$K$121,0.95)-PERCENTILE(Indicators!$K$2:$K$121,0.05))*10)) -> 6.8145231
... E120: 45352 | F120: =MAX(0,MIN(10,(PERCENTILE(Indicators!$K$2:$K$121,0.95)-Table1[[#This Row],[Net FII (cr)]])/(PERCENTILE(Indicators!$K$2:$K$121,0.95)-PERCENTILE(Indicators!$K$2:$K$121,0.05))*10)) -> 2.2962887 | G120: =MAX(0,MIN(10,(Indicators!C121-PERCENTILE(Indicators!$C:$C,0.05))/(PERCENTILE(Indicators!$C:$C,0.95)-PERCENTILE(Indicators!$C:$C,0.05))*10)) -> 4.5600732 | H120: =MAX(0,MIN(10,(Indicators!D121-PERCENTILE(Indicators!$D:$D,0.05))/(PERCENTILE(Indicators!$D:$D,0.95)-PERCENTILE(Indicators!$D:$D,0.05))*10)) -> 6.25 | I120: =MAX(0,MIN(10,(Table1[[#This Row],[INDIA VIX]]-PERCENTILE(Indicators!$E$2:$E$121,0.05))/(PERCENTILE(Indicators!$E$2:$E$121,0.95)-PERCENTILE(Indicators!$E$2:$E$121,0.05))*10)) -> 2.3385079 | J120: =MAX(0,MIN(10,(Indicators!G121-PERCENTILE(Indicators!$G:$G,0.05))/(PERCENTILE(Indicators!$G:$G,0.95)-PERCENTILE(Indicators!$G:$G,0.05))*10)) -> 1.4959292 | K120: =MAX(0,MIN(10,(Indicators!H121-PERCENTILE(Indicators!$H:$H,0.05))/(PERCENTILE(Indicators!$H:$H,0.95)-PERCENTILE(Indicators!$H:$H,0.05))*10)) -> 2.1039396 | L120: =MAX(0,MIN(10,(Indicators!I121-PERCENTILE(Indicators!$I:$I,0.05))/(PERCENTILE(Indicators!$I:$I,0.95)-PERCENTILE(Indicators!$I:$I,0.05))*10)) -> 5.5076992 | M120: =MAX(0,MIN(10,(Indicators!J121-PERCENTILE(Indicators!$J:$J,0.05))/(PERCENTILE(Indicators!$J:$J,0.95)-PERCENTILE(Indicators!$J:$J,0.05))*10)) -> 7.1241587 | N120: =MAX(0,MIN(10,(PERCENTILE(Indicators!$K$2:$K$121,0.95)-Table1[[#This Row],[Net FII (cr)]])/(PERCENTILE(Indicators!$K$2:$K$121,0.95)-PERCENTILE(Indicators!$K$2:$K$121,0.05))*10)) -> 2.2962887

Sheet Risk Score
A1: DATE | B1: MACRO SCORE | C1: MARKET SCORE | D1: EXTERNAL SCORE | E1: COMPOSITE SCORE | F1: SIGNAL
A2: 41760 | B2: =AVERAGE(Table4[[#This Row],[GDP]],Table4[[#This Row],[CPI]],Table4[[#This Row],[REPO RATE]]) -> 8.6106763 | C2: =AVERAGE(Table4[[#This Row],[INDIA VIX]],Table4[[#This Row],[GOLD/NIFTY]],Table4[[#This Row],[NIFTY PE RATIO]]) -> 5.1787778 | D2: =AVERAGE(Table4[[#This Row],[USD/INR % CHANGE]],Table4[[#This Row],[OIL % CHANGE]],Table4[[#This Row],[Net FII (cr)]]) -> 3.7405379 | E2: =(B2*0.25)+(C2*0.45)+(D2*0.3) -> 5.6052805 | F2: =IF(E2<=5,"Green",IF(E2<=6.5,"Amber","Red")) -> Amber
A3: 41791 | B3: =AVERAGE(Table4[[#This Row],[GDP]],Table4[[#This Row],[CPI]],Table4[[#This Row],[REPO RATE]]) -> 7.255349 | C3: =AVERAGE(Table4[[#This Row],[INDIA VIX]],Table4[[#This Row],[GOLD/NIFTY]],Table4[[#This Row],[NIFTY PE RATIO]]) -> 2.9314141 | D3: =AVERAGE(Table4[[#This Row],[USD/INR % CHANGE]],Table4[[#This Row],[OIL % CHANGE]],Table4[[#This Row],[Net FII (cr)]]) -> 5.2673436 | E3: =(B3*0.25)+(C3*0.45)+(D3*0.3) -> 4.7131767 | F3: =IF(E3<=5,"Green",IF(E3<=6.5,"Amber","Red")) -> Green
A4: 41821 | B4: =AVERAGE(Table4[[#This Row],[GDP]],Table4[[#This Row],[CPI]],Table4[[#This Row],[REPO RATE]]) -> 7.4738358 | C4: =AVERAGE(Table4[[#This Row],[INDIA VIX]],Table4[[#This Row],[GOLD/NIFTY]],Table4[[#This Row],[NIFTY PE RATIO]]) -> 3.0740827 | D4: =AVERAGE(Table4[[#This Row],[USD/INR % CHANGE]],Table4[[#This Row],[OIL % CHANGE]],Table4[[#This Row],[Net FII (cr)]]) -> 4.0881764 | E4: =(B4*0.25)+(C4*0.45)+(D4*0.3) -> 4.4782491 | F4: =IF(E4<=5,"Green",IF(E4<=6.5,"Amber","Red")) -> Green
A5: 41852 | B5: =AVERAGE(Table4[[#This Row],[GDP]],Table4[[#This Row],[CPI]],Table4[[#This Row],[REPO RATE]]) -> 7.2733957 | C5: =AVERAGE(Table4[[#This Row],[INDIA VIX]],Table4[[#This Row],[GOLD/NIFTY]],Table4[[#This Row],[NIFTY PE RATIO]]) -> 2.0471907 | D5: =AVERAGE(Table4[[#This Row],[USD/INR % CHANGE]],Table4[[#This Row],[OIL % CHANGE]],Table4[[#This Row],[Net FII (cr)]]) -> 3.453766 | E5: =(B5*0.25)+(C5*0.45)+(D5*0.3) -> 3.7757145 | F5: =IF(E5<=5,"Green",IF(E5<=6.5,"Amber","Red")) -> Green
A6: 41883 | B6: =AVERAGE(Table4[[#This Row],[GDP]],Table4[[#This Row],[CPI]],Table4[[#This Row],[REPO RATE]]) -> 6.6528629 | C6: =AVERAGE(Table4[[#This Row],[INDIA VIX]],Table4[[#This Row],[GOLD/NIFTY]],Table4[[#This Row],[NIFTY PE RATIO]]) -> 1.6345849 | D6: =AVERAGE(Table4[[#This Row],[USD/INR % CHANGE]],Table4[[#This Row],[OIL % CHANGE]],Table4[[#This Row],[Net FII (cr)]]) -> 5.2022759 | E6: =(B6*0.25)+(C6*0.45)+(D6*0.3) -> 3.9594617 | F6: =IF(E6<=5,"Green",IF(E6<=6.5,"Amber","Red")) -> Green
A7: 41913 | B7: =AVERAGE(Table4[[#This Row],[GDP]],Table4[[#This Row],[CPI]],Table4[[#This Row],[REPO RATE]]) -> 5.9653703 | C7: =AVERAGE(Table4[[#This Row],[INDIA VIX]],Table4[[#This Row],[GOLD/NIFTY]],Table4[[#This Row],[NIFTY PE RATIO]]) -> 1.349452 | D7: =AVERAGE(Table4[[#This Row],[USD/INR % CHANGE]],Table4[[#This Row],[OIL % CHANGE]],Table4[[#This Row],[Net FII (cr)]]) -> 2.7256958 | E7: =(B7*0.25)+(C7*0.45)+(D7*0.3) -> 2.9163047 | F7: =IF(E7<=5,"Green",IF(E7<=6.5,"Amber","Red")) -> Green
A8: 41944 | B8: =AVERAGE(Table4[[#This Row],[GDP]],Table4[[#This Row],[CPI]],Table4[[#This Row],[REPO RATE]]) -> 5.0592419 | C8: =AVERAGE(Table4[[#This Row],[INDIA VIX]],Table4[[#This Row],[GOLD/NIFTY]],Table4[[#This Row],[NIFTY PE RATIO]]) -> 1.4103021 | D8: =AVERAGE(Table4[[#This Row],[USD/INR % CHANGE]],Table4[[#This Row],[OIL % CHANGE]],Table4[[#This Row],[Net FII (cr)]]) -> 3.7404551 | E8: =(B8*0.25)+(C8*0.45)+(D8*0.3) -> 3.021583 | F8: =IF(E8<=5,"Green",IF(E8<=6.5,"Amber","Red")) -> Green
A9: 41974 | B9: =AVERAGE(Table4[[#This Row],[GDP]],Table4[[#This Row],[CPI]],Table4[[#This Row],[REPO RATE]]) -> 5.3952411 | C9: =AVERAGE(Table4[[#This Row],[INDIA VIX]],Table4[[#This Row],[GOLD/NIFTY]],Table4[[#This Row],[NIFTY PE RATIO]]) -> 1.51584 | D9: =AVERAGE(Table4[[#This Row],[USD/INR % CHANGE]],Table4[[#This Row],[OIL % CHANGE]],Table4[[#This Row],[Net FII (cr)]]) -> 3.4343351 | E9: =(B9*0.25)+(C9*0.45)+(D9*0.3) -> 3.0612388 | F9: =IF(E9<=5,"Green",IF(E9<=6.5,"Amber","Red")) -> Green
A10: 42005 | B10: =AVERAGE(Table4[[#This Row],[GDP]],Table4[[#This Row],[CPI]],Table4[[#This Row],[REPO RATE]]) -> 6.677219 | C10: =AVERAGE(Table4[[#This Row],[INDIA VIX]],Table4[[#This Row],[GOLD/NIFTY]],Table4[[#This Row],[NIFTY PE RATIO]]) -> 2.168452 | D10: =AVERAGE(Table4[[#This Row],[USD/INR % CHANGE]],Table4[[#This Row],[OIL % CHANGE]],Table4[[#This Row],[Net FII (cr)]]) -> 2.705822 | E10: =(B10*0.25)+(C10*0.45)+(D10*0.3) -> 3.4568548 | F10: =IF(E10<=5,"Green",IF(E10<=6.5,"Amber","Red")) -> Green
A11: 42036 | B11: =AVERAGE(Table4[[#This Row],[GDP]],Table4[[#This Row],[CPI]],Table4[[#This Row],[REPO RATE]]) -> 5.9596899 | C11: =AVERAGE(Table4[[#This Row],[INDIA VIX]],Table4[[#This Row],[GOLD/NIFTY]],Table4[[#This Row],[NIFTY PE RATIO]]) -> 3.1739049 | D11: =AVERAGE(Table4[[#This Row],[USD/INR % CHANGE]],Table4[[#This Row],[OIL % CHANGE]],Table4[[#This Row],[Net FII (cr)]]) -> 5.0313237 | E11: =(B11*0.25)+(C11*0.45)+(D11*0.3) -> 4.4275768 | F11: =IF(E11<=5,"Green",IF(E11<=6.5,"Amber","Red")) -> Green
A12: 42064 | B12: =AVERAGE(Table4[[#This Row],[GDP]],Table4[[#This Row],[CPI]],Table4[[#This Row],[REPO RATE]]) -> 6.2243372 | C12: =AVERAGE(Table4[[#This Row],[INDIA VIX]],Table4[[#This Row],[GOLD/NIFTY]],Table4[[#This Row],[NIFTY PE RATIO]]) -> 2.4291683 | D12: =AVERAGE(Table4[[#This Row],[USD/INR % CHANGE]],Table4[[#This Row],[OIL % CHANGE]],Table4[[#This Row],[Net FII (cr)]]) -> 3.8345224 | E12: =(B12*0.25)+(C12*0.45)+(D12*0.3) -> 3.7995668 | F12: =IF(E12<=5,"Green",IF(E12<=6.5,"Amber","Red")) -> Green
A13: 42095 | B13: =AVERAGE(Table4[[#This Row],[GDP]],Table4[[#This Row],[CPI]],Table4[[#This Row],[REPO RATE]]) -> 5.6264457 | C13: =AVERAGE(Table4[[#This Row],[INDIA VIX]],Table4[[#This Row],[GOLD/NIFTY]],Table4[[#This Row],[NIFTY PE RATIO]]) -> 2.2467657 | D13: =AVERAGE(Table4[[#This Row],[USD/INR % CHANGE]],Table4[[#This Row],[OIL % CHANGE]],Table4[[#This Row],[Net FII (cr)]]) -> 7.4296357 | E13: =(B13*0.25)+(C13*0.45)+(D13*0.3) -> 4.6465467 | F13: =IF(E13<=5,"Green",IF(E13<=6.5,"Amber","Red")) -> Green
... A120: 45352 | B120: =AVERAGE(Table4[[#This Row],[GDP]],Table4[[#This Row],[CPI]],Table4[[#This Row],[REPO RATE]]) -> 4.3687873 | C120: =AVERAGE(Table4[[#This Row],[INDIA VIX]],Table4[[#This Row],[GOLD/NIFTY]],Table4[[#This Row],[NIFTY PE RATIO]]) -> 1.9794589 | D120: =AVERAGE(Table4[[#This Row],[USD/INR % CHANGE]],Table4[[#This Row],[OIL % CHANGE]],Table4[[#This Row],[Net FII (cr)]]) -> 4.9760489 | E120: =(B120*0.25)+(C120*0.45)+(D120*0.3) -> 3.475768 | F120: =IF(E120<=5,"Green",IF(E120<=6.5,"Amber","Red")) -> Green

Sheet Stress Returns
A1: STRESS PERIOD | B1: DATES | C1: NIFTY 50 | D1: NIFTY BANK | E1: NIFTY IT | F1: GOLD | G1: 10Y g-sec YIELD | H1: USD/INR
A2: 2016 DEMONETISATION | B2: 42675 | C2: -0.0465 | D2: -0.0459 | E2: 0.0005 | F2: -0.0498 | G2: -0.0932 | H2: 0.0287 | J2: Cumulative Return Per Stress Period
B3: 42705 | C3: -0.0047 | D3: -0.0242 | E3: 0.0309 | F3: -0.0306 | G3: 0.0431 | H3: -0.0094 | J3: Stress Period | K3: Nifty 50 | L3: NIFTY Bank | M3: Nifty IT | N3: Gold | O3: Bonds | P3: USD/INR
B4: 42736 | C4: 0.0459 | D4: 0.0736 | E4: -0.053 | F4: 0.0258 | G4: -0.0161 | H4: -0.0067 | J4: 2016 Demonetisation | K4: =SUM(C2:C6) -> 0.065 | L4: =SUM(D2:D6) -> 0.1001 | M4: =SUM(E2:E6) -> 0.065 | N4: =SUM(F2:F6) -> -0.0604 | O4: =SUM(G2:G6) -> -0.0248 | P4: =SUM(H2:H6) -> -0.0268
B5: 42767 | C5: 0.0372 | D5: 0.056 | E5: 0.0845 | F5: 0.0272 | G5: 0.0723 | H5: -0.0117 | J5: 2018 IL&FS | K5: =SUM(C7:C13) -> 0.0024 | L5: =SUM(D7:D13) -> 0.0979 | M5: =SUM(E7:E13) -> -0.007 | N5: =SUM(F7:F13) -> 0.043 | O5: =SUM(G7:G13) -> -0.0772 | P5: =SUM(H7:H13) -> -0.0233
B6: 42795 | C6: 0.0331 | D6: 0.0406 | E6: 0.0021 | F6: -0.033 | G6: -0.0309 | H6: -0.0277 | J6: 2020 COVID | K6: =SUM(C14:C20) -> 0.0009 | L6: =SUM(D14:D20) -> -0.1592 | M6: =SUM(E14:E20) -> 0.1499 | N6: =SUM(F14:F20) -> 0.2489 | O6: =SUM(G14:G20) -> -0.0799 | P6: =SUM(H14:H20) -> 0.0247
A7: 2018 IL & FC | B7: 43344 | C7: -0.0642 | D7: -0.1048 | E7: 0.0017 | F7: -0.0007 | G7: 0.0092 | H7: 0.0211 | J7: 2022 Rate Hikes | K7: =SUM(C21:C32) -> 0.0408 | L7: =SUM(D21:D32) -> 0.122 | M7: =SUM(E21:E32) -> -0.1075 | N7: =SUM(F21:F32) -> 0.0874 | O7: =SUM(G21:G32) -> 0.0997 | P7: =SUM(H21:H32) -> 0.0918
B8: 43374 | C8: -0.0498 | D8: 0.0013 | E8: -0.0567 | F8: 0.0497 | G8: -0.0213 | H8: 0.02
B9: 43405 | C9: 0.0472 | D9: 0.068 | E9: -0.0202 | F9: -0.0488 | G9: -0.0313 | H9: -0.0583
B10: 43435 | C10: -0.0013 | D10: 0.0111 | E10: -0.0135 | F10: 0.0384 | G10: -0.0312 | H10: -0.0011 | J10: Best and Worst Asset Per Stress Period
B11: 43466 | C11: -0.0029 | D11: 0.005 | E11: 0.0733 | F11: 0.0474 | G11: 0.0153 | H11: 0.02 | J11: Stress Period | K11: Best Asset | L11: Return | M11: Worst Asset | N11: Return
B12: 43497 | C12: -0.0036 | D12: -0.0185 | E12: 0.015 | F12: 0.0052 | G12: 0.0144 | H12: -0.0017 | J12: 2016 Demonetisation | K12: NIFTY Bank | L12: =MAX(K4:P4) -> 0.1001 | M12: Gold | N12: =MIN(M4:R4) -> -0.0604
B13: 43525 | C13: 0.077 | D13: 0.1358 | E13: -0.0066 | F13: -0.0482 | G13: -0.0323 | H13: -0.0233 | J13: 2018 IL&FS | K13: NIFTY Bank | L13: =MAX(K5:P5) -> 0.0979 | M13: Bonds | N13: =MIN(K5:P5) -> -0.0772
A14: 2020 COVID | B14: 43862 | C14: -0.0636 | D14: -0.0547 | E14: -0.0577 | F14: 0.0418 | G14: -0.0346 | H14: 0.0139 | J14: 2020 COVID | K14: Gold | L14: =MAX(K6:P6) -> 0.2489 | M14: NIFTY Bank | N14: =MIN(K6:P6) -> -0.1592
B15: 43891 | C15: -0.2325 | D15: -0.3432 | E15: -0.161 | F15: 0.0225 | G15: -0.0366 | H15: 0.0386 | J15: 2022 Rate Hikes | K15: NIFTY Bank | L15: =MAX(K7:P7) -> 0.122 | M15: NIFTY IT | N15: =MIN(K7:P7) -> -0.1075
B16: 43922 | C16: 0.1468 | D16: 0.1249 | E16: 0.1054 | F16: 0.1141 | G16: -0.0046 | H16: -0.0034
B17: 43952 | C17: -0.0284 | D17: -0.1039 | E17: -0.0069 | F17: -0.0371 | G17: -0.0159 | H17: 0.0068
B18: 43983 | C18: 0.0753 | D18: 0.1074 | E18: 0.0531 | F18: 0.0395 | G18: -0.0208 | H18: -0.0007
B19: 44013 | C19: 0.0749 | D19: 0.0126 | E19: 0.2249 | F19: 0.1063 | G19: -0.0087 | H19: -0.0083
B20: 44044 | C20: 0.0284 | D20: 0.0977 | E20: -0.0079 | F20: -0.0382 | G20: 0.0413 | H20: -0.0222
A21: 2022 RATE HIKES | B21: 44621 | C21: 0.0399 | D21: 0.0046 | E21: 0.073 | F21: 0.0122 | G21: 0.0108 | H21: 0.0054
B22: 44652 | C22: -0.0207 | D22: -0.0078 | E22: -0.1293 | F22: 0.0152 | G22: 0.0433 | H22: 0.0082
B23: 44682 | C23: -0.0303 | D23: -0.0166 | E23: -0.0615 | F23: -0.0188 | G23: 0.0387 | H23: 0.0137
B24: 44713 | C24: -0.0485 | D24: -0.0581 | E24: -0.0619 | F24: -0.0043 | G24: 0.0047 | H24: 0.0178
B25: 44743 | C25: 0.0873 | D25: 0.1217 | E25: 0.047 | F25: 0.0069 | G25: -0.0174 | H25: 0.0049
B26: 44774 | C26: 0.035 | D26: 0.0546 | E26: -0.0255 | F26: -0.0036 | G26: -0.018 | H26: 0.002
B27: 44805 | C27: -0.0374 | D27: -0.0229 | E27: -0.0502 | F27: -0.0169 | G27: 0.0292 | H27: 0.0254
B28: 44835 | C28: 0.0537 | D28: 0.0693 | E28: 0.0647 | F28: 0.0016 | G28: 0.0064 | H28: 0.0155
B29: 44866 | C29: 0.0414 | D29: 0.0466 | E29: 0.0579 | F29: 0.0433 | G29: -0.0222 | H29: -0.017
B30: 44896 | C30: -0.0348 | D30: -0.0057 | E30: -0.0582 | F30: 0.0375 | G30: 0.0065 | H30: 0.0167
B31: 44927 | C31: -0.0245 | D31: -0.0542 | E31: 0.0391 | F31: 0.0402 | G31: 0.0022 | H31: -0.0118
B32: 44958 | C32: -0.0203 | D32: -0.0095 | E32: -0.0026 | F32: -0.0259 | G32: 0.0155 | H32: 0.011

Sheet Portfolio Allocation
A1: Score_Min | B1: Score_Max | C1: Signal | E1: Asset | F1: Green | G1: Amber | H1: Red | J1: Transition | K1: Nifty 50 | L1: Nifty Bank | M1: Nifty IT | N1: Gold | O1: Bonds | P1: USD/INR
A2: 0 | B2: 4 | C2: Green | E2: NIFTY 50 | F2: 0.35 | G2: 0.3 | H2: 0.15 | J2: Green → Amber | K2: -0.1 | L2: -0.07 | M2: -0.02 | N2: 0.05 | O2: 0.12 | P2: 0.02
A3: 4.01 | B3: 6 | C3: Amber | E3: NIFTY Bank | F3: 0.15 | G3: 0.12 | H3: 0.03 | J3: Amber → Red | K3: -0.1 | L3: -0.05 | M3: -0.01 | N3: 0.05 | O3: 0.11 | P3: 0
A4: 6.01 | B4: 10 | C4: Red | E4: NIFTY IT | F4: 0.1 | G4: 0.09 | H4: 0.07 | J4: Red → Amber | K4: 0.1 | L4: 0.05 | M4: 0.01 | N4: -0.05 | O4: -0.11 | P4: 0
E5: Gold | F5: 0.15 | G5: 0.17 | H5: 0.33 | J5: Amber → Green | K5: 0.1 | L5: 0.07 | M5: 0.02 | N5: -0.05 | O5: -0.12 | P5: -0.02
E6: Bonds | F6: 0.2 | G6: 0.25 | H6: 0.35
E7: USD/INR | F7: 0.05 | G7: 0.07 | H7: 0.07

Sheet Backtesting
A1: DATE | B1: EWS SIGNAL | C1: Actual Portfolio Return | D1: EWS Adjusted Portfolio Return | E1: Cumulative Actual Return | F1: Cumulative EWS Return
A2: 41760 | B2: ='Risk Score'!F2 -> Amber | C2: =(Assets!C3*0.35)+(Assets!E3*0.15)+(Assets!G3*0.1)+(Assets!J3*0.05)+(Assets!L3*0.2)+(Assets!N3*0.05) -> 0.03734 | D2: =IF(B2="Green", (Assets!C3*0.35)+(Assets!E3*0.15)+(Assets!G3*0.1)+(Assets!J3*0.15)+(Assets!L3*0.2)+(Assets!N3*0.05), IF(B2="Amber", (Assets!C3*0.3)+(Assets!E3*0.12)+(Assets!G3*0.09)+(Assets!J3*0.17)+(Assets!L3*0.25)+(Assets!N3*0.07), (Assets!C3*0.15)+(Assets!E3*0.03)+(Assets!G3*0.07)+(Assets!J3*0.33)+(Assets!L3*0.35)+(Assets!N3*0.07))) -> 0.015046 | E2: =1+C2 -> 1.03734 | F2: =1+D2 -> 1.015046
A3: 41791 | B3: ='Risk Score'!F3 -> Green | C3: =(Assets!C4*0.35)+(Assets!E4*0.15)+(Assets!G4*0.1)+(Assets!J4*0.05)+(Assets!L4*0.2)+(Assets!N4*0.05) -> 0.038855 | D3: =IF(B3="Green", (Assets!C4*0.35)+(Assets!E4*0.15)+(Assets!G4*0.1)+(Assets!J4*0.15)+(Assets!L4*0.2)+(Assets!N4*0.05), IF(B3="Amber", (Assets!C4*0.3)+(Assets!E4*0.12)+(Assets!G4*0.09)+(Assets!J4*0.17)+(Assets!L4*0.25)+(Assets!N4*0.07), (Assets!C4*0.15)+(Assets!E4*0.03)+(Assets!G4*0.07)+(Assets!J4*0.33)+(Assets!L4*0.35)+(Assets!N4*0.07))) -> 0.043455 | E3: =E2*(1+C3) -> 1.0776458 | F3: =F2*(1+D3) -> 1.0591548
A4: 41821 | B4: ='Risk Score'!F4 -> Green | C4: =(Assets!C5*0.35)+(Assets!E5*0.15)+(Assets!G5*0.1)+(Assets!J5*0.05)+(Assets!L5*0.2)+(Assets!N5*0.05) -> 0.008355 | D4: =IF(B4="Green", (Assets!C5*0.35)+(Assets!E5*0.15)+(Assets!G5*0.1)+(Assets!J5*0.15)+(Assets!L5*0.2)+(Assets!N5*0.05), IF(B4="Amber", (Assets!C5*0.3)+(Assets!E5*0.12)+(Assets!G5*0.09)+(Assets!J5*0.17)+(Assets!L5*0.25)+(Assets!N5*0.07), (Assets!C5*0.15)+(Assets!E5*0.03)+(Assets!G5*0.07)+(Assets!J5*0.33)+(Assets!L5*0.35)+(Assets!N5*0.07))) -> 0.006915 | E4: =E3*(1+C4) -> 1.0866496 | F4: =F3*(1+D4) -> 1.0664789 | H4: SIGNAL COUNT
A5: 41852 | B5: ='Risk Score'!F5 -> Green | C5: =(Assets!C6*0.35)+(Assets!E6*0.15)+(Assets!G6*0.1)+(Assets!J6*0.05)+(Assets!L6*0.2)+(Assets!N6*0.05) -> 0.015215 | D5: =IF(B5="Green", (Assets!C6*0.35)+(Assets!E6*0.15)+(Assets!G6*0.1)+(Assets!J6*0.15)+(Assets!L6*0.2)+(Assets!N6*0.05), IF(B5="Amber", (Assets!C6*0.3)+(Assets!E6*0.12)+(Assets!G6*0.09)+(Assets!J6*0.17)+(Assets!L6*0.25)+(Assets!N6*0.07), (Assets!C6*0.15)+(Assets!E6*0.03)+(Assets!G6*0.07)+(Assets!J6*0.33)+(Assets!L6*0.35)+(Assets!N6*0.07))) -> 0.015275 | E5: =E4*(1+C5) -> 1.103183 | F5: =F4*(1+D5) -> 1.0827693 | H5: Green | I5: =COUNTIF(B2:B120,"green") -> 100
A6: 41883 | B6: ='Risk Score'!F6 -> Green | C6: =(Assets!C7*0.35)+(Assets!E7*0.15)+(Assets!G7*0.1)+(Assets!J7*0.05)+(Assets!L7*0.2)+(Assets!N7*0.05) -> 0.00106 | D6: =IF(B6="Green", (Assets!C7*0.35)+(Assets!E7*0.15)+(Assets!G7*0.1)+(Assets!J7*0.15)+(Assets!L7*0.2)+(Assets!N7*0.05), IF(B6="Amber", (Assets!C7*0.3)+(Assets!E7*0.12)+(Assets!G7*0.09)+(Assets!J7*0.17)+(Assets!L7*0.25)+(Assets!N7*0.07), (Assets!C7*0.15)+(Assets!E7*0.03)+(Assets!G7*0.07)+(Assets!J7*0.33)+(Assets!L7*0.35)+(Assets!N7*0.07))) -> -0.00287 | E6: =E5*(1+C6) -> 1.1043523 | F6: =F5*(1+D6) -> 1.0796618 | H6: Amber | I6: =COUNTIF(B:B,"amber") -> 15
A7: 41913 | B7: ='Risk Score'!F7 -> Green | C7: =(Assets!C8*0.35)+(Assets!E8*0.15)+(Assets!G8*0.1)+(Assets!J8*0.05)+(Assets!L8*0.2)+(Assets!N8*0.05) -> 0.02539 | D7: =IF(B7="Green", (Assets!C8*0.35)+(Assets!E8*0.15)+(Assets!G8*0.1)+(Assets!J8*0.15)+(Assets!L8*0.2)+(Assets!N8*0.05), IF(B7="Amber", (Assets!C8*0.3)+(Assets!E8*0.12)+(Assets!G8*0.09)+(Assets!J8*0.17)+(Assets!L8*0.25)+(Assets!N8*0.07), (Assets!C8*0.15)+(Assets!E8*0.03)+(Assets!G8*0.07)+(Assets!J8*0.33)+(Assets!L8*0.35)+(Assets!N8*0.07))) -> 0.02366 | E7: =E6*(1+C7) -> 1.1323918 | F7: =F6*(1+D7) -> 1.1052066 | H7: Red | I7: =COUNTIF(B:B,"red") -> 4
A8: 41944 | B8: ='Risk Score'!F8 -> Green | C8: =(Assets!C9*0.35)+(Assets!E9*0.15)+(Assets!G9*0.1)+(Assets!J9*0.05)+(Assets!L9*0.2)+(Assets!N9*0.05) -> 0.02539 | D8: =IF(B8="Green", (Assets!C9*0.35)+(Assets!E9*0.15)+(Assets!G9*0.1)+(Assets!J9*0.15)+(Assets!L9*0.2)+(Assets!N9*0.05), IF(B8="Amber", (Assets!C9*0.3)+(Assets!E9*0.12)+(Assets!G9*0.09)+(Assets!J9*0.17)+(Assets!L9*0.25)+(Assets!N9*0.07), (Assets!C9*0.15)+(Assets!E9*0.03)+(Assets!G9*0.07)+(Assets!J9*0.33)+(Assets!L9*0.35)+(Assets!N9*0.07))) -> 0.02605 | E8: =E7*(1+C8) -> 1.1611433 | F8: =F7*(1+D8) -> 1.1339972
A9: 41974 | B9: ='Risk Score'!F9 -> Green | C9: =(Assets!C10*0.35)+(Assets!E10*0.15)+(Assets!G10*0.1)+(Assets!J10*0.05)+(Assets!L10*0.2)+(Assets!N10*0.05) -> -0.02101 | D9: =IF(B9="Green", (Assets!C10*0.35)+(Assets!E10*0.15)+(Assets!G10*0.1)+(Assets!J10*0.15)+(Assets!L10*0.2)+(Assets!N10*0.05), IF(B9="Amber", (Assets!C10*0.3)+(Assets!E10*0.12)+(Assets!G10*0.09)+(Assets!J10*0.17)+(Assets!L10*0.25)+(Assets!N10*0.07), (Assets!C10*0.15)+(Assets!E10*0.03)+(Assets!G10*0.07)+(Assets!J10*0.33)+(Assets!L10*0.35)+(Assets!N10*0.07))) -> -0.02014 | E9: =E8*(1+C9) -> 1.1367476 | F9: =F8*(1+D9) -> 1.1111585 | H9: Actual Portfolio Return
A10: 42005 | B10: ='Risk Score'!F10 -> Green | C10: =(Assets!C11*0.35)+(Assets!E11*0.15)+(Assets!G11*0.1)+(Assets!J11*0.05)+(Assets!L11*0.2)+(Assets!N11*0.05) -> 0.033845 | D10: =IF(B10="Green", (Assets!C11*0.35)+(Assets!E11*0.15)+(Assets!G11*0.1)+(Assets!J11*0.15)+(Assets!L11*0.2)+(Assets!N11*0.05), IF(B10="Amber", (Assets!C11*0.3)+(Assets!E11*0.12)+(Assets!G11*0.09)+(Assets!J11*0.17)+(Assets!L11*0.25)+(Assets!N11*0.07), (Assets!C11*0.15)+(Assets!E11*0.03)+(Assets!G11*0.07)+(Assets!J11*0.33)+(Assets!L11*0.35)+(Assets!N11*0.07))) -> 0.038495 | E10: =E9*(1+C10) -> 1.1752209 | F10: =F9*(1+D10) -> 1.1539326 | H10: Cumulative return | I10: 1.29
A11: 42036 | B11: ='Risk Score'!F11 -> Green | C11: =(Assets!C12*0.35)+(Assets!E12*0.15)+(Assets!G12*0.1)+(Assets!J12*0.05)+(Assets!L12*0.2)+(Assets!N12*0.05) -> 0.007495 | D11: =IF(B11="Green", (Assets!C12*0.35)+(Assets!E12*0.15)+(Assets!G12*0.1)+(Assets!J12*0.15)+(Assets!L12*0.2)+(Assets!N12*0.05), IF(B11="Amber", (Assets!C12*0.3)+(Assets!E12*0.12)+(Assets!G12*0.09)+(Assets!J12*0.17)+(Assets!L12*0.25)+(Assets!N12*0.07), (Assets!C12*0.15)+(Assets!E12*0.03)+(Assets!G12*0.07)+(Assets!J12*0.33)+(Assets!L12*0.35)+(Assets!N12*0.07))) -> 0.002115 | E11: =E10*(1+C11) -> 1.1840291 | F11: =F10*(1+D11) -> 1.1563731 | H11: Mean | I11: =AVERAGE(C:C) -> 0.0074148319
A12: 42064 | B12: ='Risk Score'!F12 -> Green | C12: =(Assets!C13*0.35)+(Assets!E13*0.15)+(Assets!G13*0.1)+(Assets!J13*0.05)+(Assets!L13*0.2)+(Assets!N13*0.05) -> -0.03201 | D12: =IF(B12="Green", (Assets!C13*0.35)+(Assets!E13*0.15)+(Assets!G13*0.1)+(Assets!J13*0.15)+(Assets!L13*0.2)+(Assets!N13*0.05), IF(B12="Amber", (Assets!C13*0.3)+(Assets!E13*0.12)+(Assets!G13*0.09)+(Assets!J13*0.17)+(Assets!L13*0.25)+(Assets!N13*0.07), (Assets!C13*0.15)+(Assets!E13*0.03)+(Assets!G13*0.07)+(Assets!J13*0.33)+(Assets!L13*0.35)+(Assets!N13*0.07))) -> -0.0337 | E12: =E11*(1+C12) -> 1.1461284 | F12: =F11*(1+D12) -> 1.1174034 | H12: Std. Deviation | I12: =STDEV(C:C) -> 0.029524183
A13: 42095 | B13: ='Risk Score'!F13 -> Green | C13: =(Assets!C14*0.35)+(Assets!E14*0.15)+(Assets!G14*0.1)+(Assets!J14*0.05)+(Assets!L14*0.2)+(Assets!N14*0.05) -> -0.01471 | D13: =IF(B13="Green", (Assets!C14*0.35)+(Assets!E14*0.15)+(Assets!G14*0.1)+(Assets!J14*0.15)+(Assets!L14*0.2)+(Assets!N14*0.05), IF(B13="Amber", (Assets!C14*0.3)+(Assets!E14*0.12)+(Assets!G14*0.09)+(Assets!J14*0.17)+(Assets!L14*0.25)+(Assets!N14*0.07), (Assets!C14*0.15)+(Assets!E14*0.03)+(Assets!G14*0.07)+(Assets!J14*0.33)+(Assets!L14*0.35)+(Assets!N14*0.07))) -> -0.01115 | E13: =E12*(1+C13) -> 1.1292688 | F13: =F12*(1+D13) -> 1.1049443 | H13: Sharp Ratio | I13: =(0.74%-0.5%)/2.95% -> 0.081355932
A14: 42125 | B14: ='Risk Score'!F14 -> Green | C14: =(Assets!C15*0.35)+(Assets!E15*0.15)+(Assets!G15*0.1)+(Assets!J15*0.05)+(Assets!L15*0.2)+(Assets!N15*0.05) -> 0.017675 | D14: =IF(B14="Green", (Assets!C15*0.35)+(Assets!E15*0.15)+(Assets!G15*0.1)+(Assets!J15*0.15)+(Assets!L15*0.2)+(Assets!N15*0.05), IF(B14="Amber", (Assets!C15*0.3)+(Assets!E15*0.12)+(Assets!G15*0.09)+(Assets!J15*0.17)+(Assets!L15*0.25)+(Assets!N15*0.07), (Assets!C15*0.15)+(Assets!E15*0.03)+(Assets!G15*0.07)+(Assets!J15*0.33)+(Assets!L15*0.35)+(Assets!N15*0.07))) -> 0.016695 | E14: =E13*(1+C14) -> 1.1492286 | F14: =F13*(1+D14) -> 1.1233914
A15: 42156 | B15: ='Risk Score'!F15 -> Green | C15: =(Assets!C16*0.35)+(Assets!E16*0.15)+(Assets!G16*0.1)+(Assets!J16*0.05)+(Assets!L16*0.2)+(Assets!N16*0.05) -> -0.010485 | D15: =IF(B15="Green", (Assets!C16*0.35)+(Assets!E16*0.15)+(Assets!G16*0.1)+(Assets!J16*0.15)+(Assets!L16*0.2)+(Assets!N16*0.05), IF(B15="Amber", (Assets!C16*0.3)+(Assets!E16*0.12)+(Assets!G16*0.09)+(Assets!J16*0.17)+(Assets!L16*0.25)+(Assets!N16*0.07), (Assets!C16*0.15)+(Assets!E16*0.03)+(Assets!G16*0.07)+(Assets!J16*0.33)+(Assets!L16*0.35)+(Assets!N16*0.07))) -> -0.012115 | E15: =E14*(1+C15) -> 1.137179 | F15: =F14*(1+D15) -> 1.1097815 | H15: EWS Portfolio Return
A16: 42186 | B16: ='Risk Score'!F16 -> Green | C16: =(Assets!C17*0.35)+(Assets!E17*0.15)+(Assets!G17*0.1)+(Assets!J17*0.05)+(Assets!L17*0.2)+(Assets!N17*0.05) -> 0.011255 | D16: =IF(B16="Green", (Assets!C17*0.35)+(Assets!E17*0.15)+(Assets!G17*0.1)+(Assets!J17*0.15)+(Assets!L17*0.2)+(Assets!N17*0.05), IF(B16="Amber", (Assets!C17*0.3)+(Assets!E17*0.12)+(Assets!G17*0.09)+(Assets!J17*0.17)+(Assets!L17*0.25)+(Assets!N17*0.07), (Assets!C17*0.15)+(Assets!E17*0.03)+(Assets!G17*0.07)+(Assets!J17*0.33)+(Assets!L17*0.35)+(Assets!N17*0.07))) -> 0.005055 | E16: =E15*(1+C16) -> 1.1499779 | F16: =F15*(1+D16) -> 1.1153914 | H16: Cumulative Return | I16: 1.35
A17: 42217 | B17: ='Risk Score'!F17 -> Green | C17: =(Assets!C18*0.35)+(Assets!E18*0.15)+(Assets!G18*0.1)+(Assets!J18*0.05)+(Assets!L18*0.2)+(Assets!N18*0.05) -> -0.03071 | D17: =IF(B17="Green", (Assets!C18*0.35)+(Assets!E18*0.15)+(Assets!G18*0.1)+(Assets!J18*0.15)+(Assets!L18*0.2)+(Assets!N18*0.05), IF(B17="Amber", (Assets!C18*0.3)+(Assets!E18*0.12)+(Assets!G18*0.09)+(Assets!J18*0.17)+(Assets!L18*0.25)+(Assets!N18*0.07), (Assets!C18*0.15)+(Assets!E18*0.03)+(Assets!G18*0.07)+(Assets!J18*0.33)+(Assets!L18*0.35)+(Assets!N18*0.07))) -> -0.02359 | E17: =E16*(1+C17) -> 1.1146621 | F17: =F16*(1+D17) -> 1.0890793 | H17: MEAN | I17: =AVERAGE(D:D) -> 0.0075502521
A18: 42248 | B18: ='Risk Score'!F18 -> Green | C18: =(Assets!C19*0.35)+(Assets!E19*0.15)+(Assets!G19*0.1)+(Assets!J19*0.05)+(Assets!L19*0.2)+(Assets!N19*0.05) -> -0.00458 | D18: =IF(B18="Green", (Assets!C19*0.35)+(Assets!E19*0.15)+(Assets!G19*0.1)+(Assets!J19*0.15)+(Assets!L19*0.2)+(Assets!N19*0.05), IF(B18="Amber", (Assets!C19*0.3)+(Assets!E19*0.12)+(Assets!G19*0.09)+(Assets!J19*0.17)+(Assets!L19*0.25)+(Assets!N19*0.07), (Assets!C19*0.15)+(Assets!E19*0.03)+(Assets!G19*0.07)+(Assets!J19*0.33)+(Assets!L19*0.35)+(Assets!N19*0.07))) -> -0.0064 | E18: =E17*(1+C18) -> 1.109557 | F18: =F17*(1+D18) -> 1.0821092 | H18: Std. DEVIATION | I18: =STDEV(D:D) -> 0.026774395
A19: 42278 | B19: ='Risk Score'!F19 -> Green | C19: =(Assets!C20*0.35)+(Assets!E20*0.15)+(Assets!G20*0.1)+(Assets!J20*0.05)+(Assets!L20*0.2)+(Assets!N20*0.05) -> 0.00555 | D19: =IF(B19="Green", (Assets!C20*0.35)+(Assets!E20*0.15)+(Assets!G20*0.1)+(Assets!J20*0.15)+(Assets!L20*0.2)+(Assets!N20*0.05), IF(B19="Amber", (Assets!C20*0.3)+(Assets!E20*0.12)+(Assets!G20*0.09)+(Assets!J20*0.17)+(Assets!L20*0.25)+(Assets!N20*0.07), (Assets!C20*0.15)+(Assets!E20*0.03)+(Assets!G20*0.07)+(Assets!J20*0.33)+(Assets!L20*0.35)+(Assets!N20*0.07))) -> 0.0078 | E19: =E18*(1+C19) -> 1.115715 | F19: =F18*(1+D19) -> 1.0905497 | H19: Sharp Ratio | I19: =(I17-0.005)/I18 -> 0.095249663
A20: 42309 | B20: ='Risk Score'!F20 -> Green | C20: =(Assets!C21*0.35)+(Assets!E21*0.15)+(Assets!G21*0.1)+(Assets!J21*0.05)+(Assets!L21*0.2)+(Assets!N21*0.05) -> -0.00588 | D20: =IF(B20="Green", (Assets!C21*0.35)+(Assets!E21*0.15)+(Assets!G21*0.1)+(Assets!J21*0.15)+(Assets!L21*0.2)+(Assets!N21*0.05), IF(B20="Amber", (Assets!C21*0.3)+(Assets!E21*0.12)+(Assets!G21*0.09)+(Assets!J21*0.17)+(Assets!L21*0.25)+(Assets!N21*0.07), (Assets!C21*0.15)+(Assets!E21*0.03)+(Assets!G21*0.07)+(Assets!J21*0.33)+(Assets!L21*0.35)+(Assets!N21*0.07))) -> -0.01195 | E20: =E19*(1+C20) -> 1.1091546 | F20: =F19*(1+D20) -> 1.0775176
A21: 42339 | B21: ='Risk Score'!F21 -> Green | C21: =(Assets!C22*0.35)+(Assets!E22*0.15)+(Assets!G22*0.1)+(Assets!J22*0.05)+(Assets!L22*0.2)+(Assets!N22*0.05) -> -0.00503 | D21: =IF(B21="Green", (Assets!C22*0.35)+(Assets!E22*0.15)+(Assets!G22*0.1)+(Assets!J22*0.15)+(Assets!L22*0.2)+(Assets!N22*0.05), IF(B21="Amber", (Assets!C22*0.3)+(Assets!E22*0.12)+(Assets!G22*0.09)+(Assets!J22*0.17)+(Assets!L22*0.25)+(Assets!N22*0.07), (Assets!C22*0.15)+(Assets!E22*0.03)+(Assets!G22*0.07)+(Assets!J22*0.33)+(Assets!L22*0.35)+(Assets!N22*0.07))) -> -0.00561 | E21: =E20*(1+C21) -> 1.1035755 | F21: =F20*(1+D21) -> 1.0714727
A22: 42370 | B22: ='Risk Score'!F22 -> Green | C22: =(Assets!C23*0.35)+(Assets!E23*0.15)+(Assets!G23*0.1)+(Assets!J23*0.05)+(Assets!L23*0.2)+(Assets!N23*0.05) -> -0.024105 | D22: =IF(B22="Green", (Assets!C23*0.35)+(Assets!E23*0.15)+(Assets!G23*0.1)+(Assets!J23*0.15)+(Assets!L23*0.2)+(Assets!N23*0.05), IF(B22="Amber", (Assets!C23*0.3)+(Assets!E23*0.12)+(Assets!G23*0.09)+(Assets!J23*0.17)+(Assets!L23*0.25)+(Assets!N23*0.07), (Assets!C23*0.15)+(Assets!E23*0.03)+(Assets!G23*0.07)+(Assets!J23*0.33)+(Assets!L23*0.35)+(Assets!N23*0.07))) -> -0.017785 | E22: =E21*(1+C22) -> 1.0769739 | F22: =F21*(1+D22) -> 1.0524166
A23: 42401 | B23: ='Risk Score'!F23 -> Amber | C23: =(Assets!C24*0.35)+(Assets!E24*0.15)+(Assets!G24*0.1)+(Assets!J24*0.05)+(Assets!L24*0.2)+(Assets!N24*0.05) -> -0.049535 | D23: =IF(B23="Green", (Assets!C24*0.35)+(Assets!E24*0.15)+(Assets!G24*0.1)+(Assets!J24*0.15)+(Assets!L24*0.2)+(Assets!N24*0.05), IF(B23="Amber", (Assets!C24*0.3)+(Assets!E24*0.12)+(Assets!G24*0.09)+(Assets!J24*0.17)+(Assets!L24*0.25)+(Assets!N24*0.07), (Assets!C24*0.15)+(Assets!E24*0.03)+(Assets!G24*0.07)+(Assets!J24*0.33)+(Assets!L24*0.35)+(Assets!N24*0.07))) -> -0.031563 | E23: =E22*(1+C23) -> 1.023626 | F23: =F22*(1+D23) -> 1.0191992
A24: 42430 | B24: ='Risk Score'!F24 -> Green | C24: =(Assets!C25*0.35)+(Assets!E25*0.15)+(Assets!G25*0.1)+(Assets!J25*0.05)+(Assets!L25*0.2)+(Assets!N25*0.05) -> 0.063925 | D24: =IF(B24="Green", (Assets!C25*0.35)+(Assets!E25*0.15)+(Assets!G25*0.1)+(Assets!J25*0.15)+(Assets!L25*0.2)+(Assets!N25*0.05), IF(B24="Amber", (Assets!C25*0.3)+(Assets!E25*0.12)+(Assets!G25*0.09)+(Assets!J25*0.17)+(Assets!L25*0.25)+(Assets!N25*0.07), (Assets!C25*0.15)+(Assets!E25*0.03)+(Assets!G25*0.07)+(Assets!J25*0.33)+(Assets!L25*0.35)+(Assets!N25*0.07))) -> 0.060705 | E24: =E23*(1+C24) -> 1.0890612 | F24: =F23*(1+D24) -> 1.0810697
A25: 42461 | B25: ='Risk Score'!F25 -> Green | C25: =(Assets!C26*0.35)+(Assets!E26*0.15)+(Assets!G26*0.1)+(Assets!J26*0.05)+(Assets!L26*0.2)+(Assets!N26*0.05) -> 0.01259 | D25: =IF(B25="Green", (Assets!C26*0.35)+(Assets!E26*0.15)+(Assets!G26*0.1)+(Assets!J26*0.15)+(Assets!L26*0.2)+(Assets!N26*0.05), IF(B25="Amber", (Assets!C26*0.3)+(Assets!E26*0.12)+(Assets!G26*0.09)+(Assets!J26*0.17)+(Assets!L26*0.25)+(Assets!N26*0.07), (Assets!C26*0.15)+(Assets!E26*0.03)+(Assets!G26*0.07)+(Assets!J26*0.33)+(Assets!L26*0.35)+(Assets!N26*0.07))) -> 0.01857 | E25: =E24*(1+C25) -> 1.1027725 | F25: =F24*(1+D25) -> 1.1011451
A26: 42491 | B26: ='Risk Score'!F26 -> Green | C26: =(Assets!C27*0.35)+(Assets!E27*0.15)+(Assets!G27*0.1)+(Assets!J27*0.05)+(Assets!L27*0.2)+(Assets!N27*0.05) -> 0.02322 | D26: =IF(B26="Green", (Assets!C27*0.35)+(Assets!E27*0.15)+(Assets!G27*0.1)+(Assets!J27*0.15)+(Assets!L27*0.2)+(Assets!N27*0.05), IF(B26="Amber", (Assets!C27*0.3)+(Assets!E27*0.12)+(Assets!G27*0.09)+(Assets!J27*0.17)+(Assets!L27*0.25)+(Assets!N27*0.07), (Assets!C27*0.15)+(Assets!E27*0.03)+(Assets!G27*0.07)+(Assets!J27*0.33)+(Assets!L27*0.35)+(Assets!N27*0.07))) -> 0.02059 | E26: =E25*(1+C26) -> 1.1283789 | F26: =F25*(1+D26) -> 1.1238177
A27: 42522 | B27: ='Risk Score'!F27 -> Green | C27: =(Assets!C28*0.35)+(Assets!E28*0.15)+(Assets!G28*0.1)+(Assets!J28*0.05)+(Assets!L28*0.2)+(Assets!N28*0.05) -> 0.0078 | D27: =IF(B27="Green", (Assets!C28*0.35)+(Assets!E28*0.15)+(Assets!G28*0.1)+(Assets!J28*0.15)+(Assets!L28*0.2)+(Assets!N28*0.05), IF(B27="Amber", (Assets!C28*0.3)+(Assets!E28*0.12)+(Assets!G28*0.09)+(Assets!J28*0.17)+(Assets!L28*0.25)+(Assets!N28*0.07), (Assets!C28*0.15)+(Assets!E28*0.03)+(Assets!G28*0.07)+(Assets!J28*0.33)+(Assets!L28*0.35)+(Assets!N28*0.07))) -> 0.01278 | E27: =E26*(1+C27) -> 1.1371803 | F27: =F26*(1+D27) -> 1.1381801
A28: 42552 | B28: ='Risk Score'!F28 -> Green | C28: =(Assets!C29*0.35)+(Assets!E29*0.15)+(Assets!G29*0.1)+(Assets!J29*0.05)+(Assets!L29*0.2)+(Assets!N29*0.05) -> 0.01349 | D28: =IF(B28="Green", (Assets!C29*0.35)+(Assets!E29*0.15)+(Assets!G29*0.1)+(Assets!J29*0.15)+(Assets!L29*0.2)+(Assets!N29*0.05), IF(B28="Amber", (Assets!C29*0.3)+(Assets!E29*0.12)+(Assets!G29*0.09)+(Assets!J29*0.17)+(Assets!L29*0.25)+(Assets!N29*0.07), (Assets!C29*0.15)+(Assets!E29*0.03)+(Assets!G29*0.07)+(Assets!J29*0.33)+(Assets!L29*0.35)+(Assets!N29*0.07))) -> 0.01417 | E28: =E27*(1+C28) -> 1.1525208 | F28: =F27*(1+D28) -> 1.1543081
A29: 42583 | B29: ='Risk Score'!F29 -> Green | C29: =(Assets!C30*0.35)+(Assets!E30*0.15)+(Assets!G30*0.1)+(Assets!J30*0.05)+(Assets!L30*0.2)+(Assets!N30*0.05) -> 0.008275 | D29: =IF(B29="Green", (Assets!C30*0.35)+(Assets!E30*0.15)+(Assets!G30*0.1)+(Assets!J30*0.15)+(Assets!L30*0.2)+(Assets!N30*0.05), IF(B29="Amber", (Assets!C30*0.3)+(Assets!E30*0.12)+(Assets!G30*0.09)+(Assets!J30*0.17)+(Assets!L30*0.25)+(Assets!N30*0.07), (Assets!C30*0.15)+(Assets!E30*0.03)+(Assets!G30*0.07)+(Assets!J30*0.33)+(Assets!L30*0.35)+(Assets!N30*0.07))) -> 0.008835 | E29: =E28*(1+C29) -> 1.1620579 | F29: =F28*(1+D29) -> 1.1645064
A30: 42614 | B30: ='Risk Score'!F30 -> Green | C30: =(Assets!C31*0.35)+(Assets!E31*0.15)+(Assets!G31*0.1)+(Assets!J31*0.05)+(Assets!L31*0.2)+(Assets!N31*0.05) -> -0.01754 | D30: =IF(B30="Green", (Assets!C31*0.35)+(Assets!E31*0.15)+(Assets!G31*0.1)+(Assets!J31*0.15)+(Assets!L31*0.2)+(Assets!N31*0.05), IF(B30="Amber", (Assets!C31*0.3)+(Assets!E31*0.12)+(Assets!G31*0.09)+(Assets!J31*0.17)+(Assets!L31*0.25)+(Assets!N31*0.07), (Assets!C31*0.15)+(Assets!E31*0.03)+(Assets!G31*0.07)+(Assets!J31*0.33)+(Assets!L31*0.35)+(Assets!N31*0.07))) -> -0.01707 | E30: =E29*(1+C30) -> 1.1416754 | F30: =F29*(1+D30) -> 1.1446283
A31: 42644 | B31: ='Risk Score'!F31 -> Green | C31: =(Assets!C32*0.35)+(Assets!E32*0.15)+(Assets!G32*0.1)+(Assets!J32*0.05)+(Assets!L32*0.2)+(Assets!N32*0.05) -> -0.00233 | D31: =IF(B31="Green", (Assets!C32*0.35)+(Assets!E32*0.15)+(Assets!G32*0.1)+(Assets!J32*0.15)+(Assets!L32*0.2)+(Assets!N32*0.05), IF(B31="Amber", (Assets!C32*0.3)+(Assets!E32*0.12)+(Assets!G32*0.09)+(Assets!J32*0.17)+(Assets!L32*0.25)+(Assets!N32*0.07), (Assets!C32*0.15)+(Assets!E32*0.03)+(Assets!G32*0.07)+(Assets!J32*0.33)+(Assets!L32*0.35)+(Assets!N32*0.07))) -> -0.00378 | E31: =E30*(1+C31) -> 1.1390153 | F31: =F30*(1+D31) -> 1.1403016
... A120: 45352 | B120: ='Risk Score'!F120 -> Green | C120: =(Assets!C121*0.35)+(Assets!E121*0.15)+(Assets!G121*0.1)+(Assets!J121*0.05)+(Assets!L121*0.2)+(Assets!N121*0.05) -> 0.004445 | D120: =IF(B120="Green", (Assets!C121*0.35)+(Assets!E121*0.15)+(Assets!G121*0.1)+(Assets!J121*0.15)+(Assets!L121*0.2)+(Assets!N121*0.05), IF(B120="Amber", (Assets!C121*0.3)+(Assets!E121*0.12)+(Assets!G121*0.09)+(Assets!J121*0.17)+(Assets!L121*0.25)+(Assets!N121*0.07), (Assets!C121*0.15)+(Assets!E121*0.03)+(Assets!G121*0.07)+(Assets!J121*0.33)+(Assets!L121*0.35)+(Assets!N121*0.07))) -> 0.011705 | E120: =E119*(1+C120) -> 2.286733 | F120: =F119*(1+D120) -> 2.3459192

Sheet Monte Carlo (Actual)
A1: DATE
A2: 45383 | B2: 0.009388021 | C2: 0.012810467 | D2: 0.031404982 | E2: -0.020903397 | F2: 0.050953705 | G2: -0.022268966 | H2: -0.0057512118 | I2: -0.011006737 | J2: 0.003094203 | K2: -0.047047729 | L2: 0.031785799 | M2: -0.099660436 | N2: 0.0021393383 | O2: 0.06942774 | P2: -0.00068370763 | Q2: -0.031323252 | R2: -0.016862597 | S2: -0.013466961 | T2: 0.052129639 | U2: 0.042925652 | V2: -0.016232561 | W2: 0.018498643 | X2: -0.038236323 | Y2: 0.0073579728 | Z2: 0.015030007 | AA2: 0.025401745 | AB2: 0.0059862945 | AC2: -0.053754819 | AD2: 0.059269353 | AE2: -0.011062766 | AF2: 0.030741726 | AG2: 0.0035151639 | AH2: 0.021667532 | AI2: 0.077163617 | AJ2: 0.034792797 | AK2: -0.016869862 | AL2: 0.015856287 | AM2: 0.013524221 | AN2: 0.010759116 | AO2: -0.058094339 | AP2: 0.074499209 | AQ2: 0.042482288 | AR2: 0.022175588 | AS2: -0.014492133 | AT2: -0.067248351 | AU2: -0.011631939 | AV2: 0.045600406 | AW2: 0.010376181 | AX2: 0.048353476 | AY2: -0.014818038 | AZ2: 0.0010810463 | BA2: -0.020969258 | BB2: -0.0069930244 | BC2: -0.02653699 | BD2: -0.030070407 | BE2: -0.02407784 | BF2: -0.055367523 | BG2: -0.0049822643 | BH2: 0.030457771 | BI2: -0.038465451 | BJ2: -0.030052881 | BK2: -0.014590303 | BL2: -0.007059263 | BM2: 0.041482464 | BN2: -0.038428904 | BO2: 0.10871327 | BP2: 0.0073770663 | BQ2: 0.015911425 | BR2: 0.050181902 | BS2: -0.0037664177 | BT2: -0.017229048 | BU2: 0.017391018 | BV2: 0.04559237 | BW2: -0.020172306 | BX2: -0.02003436 | BY2: 0.020949247 | BZ2: 0.02124196 | CA2: 0.0059038532 | CB2: 0.055134594 | CC2: -0.073413152 | CD2: 0.0081687363 | CE2: 0.096882809 | CF2: 0.085256788 | CG2: 0.0072142572 | CH2: -0.018625639 | CI2: 0.02135654 | CJ2: 0.03478926 | CK2: -0.031892763 | CL2: 0.057035783 | CM2: 0.021557757 | CN2: 0.0048337118 | CO2: 0.0044421435 | CP2: -0.030347661 | CQ2: 0.048439606 | CR2: 0.021363038 | CS2: 0.028061785 | CT2: -0.056554402 | CU2: 0.053290595 | CV2: 0.025235798
A3: 45413 | B3: 0.015244411 | C3: 0.01190866 | D3: -0.0054527093 | E3: 0.0051420599 | F3: -0.094994684 | G3: 0.0014176264 | H3: 0.044751502 | I3: -0.021204919 | J3: -0.0038654354 | K3: -0.043763469 | L3: 0.021423667 | M3: -0.018731504 | N3: 0.082684079 | O3: 0.013604988 | P3: -0.018636248 | Q3: -0.0017490277 | R3: -0.030312481 | S3: 0.02326068 | T3: -0.047630012 | U3: 0.020062495 | V3: -0.038861782 | W3: 0.056693463 | X3: 0.010111753 | Y3: 0.00042785436 | Z3: 0.0074504678 | AA3: -0.0054308966 | AB3: -0.005718803 | AC3: 0.045568024 | AD3: 0.0021856024 | AE3: 0.020220249 | AF3: -0.017379341 | AG3: 0.067427187 | AH3: 0.040270665 | AI3: -0.00034151583 | AJ3: 0.042628924 | AK3: 0.0081385093 | AL3: -0.042960447 | AM3: 0.046695374 | AN3: 0.019120741 | AO3: 0.00047556756 | AP3: -0.012121754 | AQ3: 0.024938343 | AR3: 0.0076859426 | AS3: -0.055551982 | AT3: 0.042151076 | AU3: 0.021097674 | AV3: 0.001889601 | AW3: 0.032269656 | AX3: 0.022014708 | AY3: -0.041071075 | AZ3: -0.018043374 | BA3: 0.04724602 | BB3: 0.013751546 | BC3: -0.038691952 | BD3: 0.0095086666 | BE3: -0.0056226505 | BF3: 0.072300111 | BG3: 0.0058244629 | BH3: 0.019407972 | BI3: -0.0043191424 | BJ3: -0.021544399 | BK3: 0.0084890263 | BL3: 0.021521231 | BM3: 0.0047977319 | BN3: 0.0611685 | BO3: 0.033483656 | BP3: 0.029529052 | BQ3: 0.02123834 | BR3: 0.0063299897 | BS3: -0.026276064 | BT3: 0.014779945 | BU3: 0.0072834943 | BV3: 0.067005732 | BW3: -0.039962522 | BX3: 0.016707678 | BY3: 0.038734652 | BZ3: 0.0083063376 | CA3: 0.00024956761 | CB3: 0.03134603 | CC3: -0.046835869 | CD3: -0.040513395 | CE3: 0.0039956879 | CF3: 0.079551467 | CG3: 0.0078183382 | CH3: 0.030274689 | CI3: -0.023294482 | CJ3: -0.0047546088 | CK3: -0.0096055229 | CL3: 0.010530564 | CM3: -0.016573172 | CN3: -0.021231017 | CO3: 0.0080632 | CP3: 0.027100542 | CQ3: 0.072396005 | CR3: 0.034318811 | CS3: -0.024403178 | CT3: 0.0087716031 | CU3: 0.05745536 | CV3: -0.043619441
A4: 45444 | B4: 0.011069399 | C4: 0.061126858 | D4: 0.02461207 | E4: 0.037688571 | F4: -0.043298212 | G4: -0.011820141 | H4: 0.01288128 | I4: 0.051019025 | J4: 0.055464013 | K4: 0.047259206 | L4: -0.037164819 | M4: -0.03988375 | N4: 0.018162991 | O4: -0.014783544 | P4: -0.025492241 | Q4: 0.014004767 | R4: -0.011525354 | S4: -0.018442392 | T4: 0.039483177 | U4: 0.045896237 | V4: -0.023657387 | W4: 0.042027793 | X4: -0.0032722533 | Y4: -0.024944015 | Z4: 0.026124358 | AA4: 0.011872208 | AB4: 0.0084753169 | AC4: -0.015134951 | AD4: 0.026187301 | AE4: 0.0090379276 | AF4: -0.0097753874 | AG4: -0.024109455 | AH4: 0.0075528431 | AI4: -0.045979595 | AJ4: 0.01466225 | AK4: -0.015605256 | AL4: 0.040692711 | AM4: -0.0076914296 | AN4: 0.0088895134 | AO4: -0.027731624 | AP4: 0.010797275 | AQ4: -0.028495671 | AR4: -0.011146246 | AS4: -0.045562085 | AT4: 0.022109944 | AU4: 0.019065416 | AV4: -0.011388973 | AW4: 0.017877078 | AX4: 0.032973406 | AY4: 0.030624035 | AZ4: 0.043030849 | BA4: 0.0083425186 | BB4: -0.067764529 | BC4: 0.026344157 | BD4: -0.016928214 | BE4: 0.0060280731 | BF4: 0.014422887 | BG4: 0.015347907 | BH4: 0.022542085 | BI4: 0.028012965 | BJ4: 0.049075444 | BK4: 0.038817682 | BL4: 0.074463653 | BM4: 0.023752973 | BN4: 0.046413854 | BO4: 0.027884299 | BP4: 0.025167202 | BQ4: -0.02688658 | BR4: 0.053314544 | BS4: 0.04204918 | BT4: 0.060375712 | BU4: -0.020031166 | BV4: 0.05557321 | BW4: 0.02811853 | BX4: -0.0080521915 | BY4: -0.0098245447 | BZ4: 0.014615001 | CA4: 0.011533868 | CB4: 0.026091807 | CC4: 0.012949535 | CD4: 0.055948443 | CE4: -0.031550872 | CF4: 0.0099283363 | CG4: -0.016204609 | CH4: -0.0064841847 | CI4: -0.0033985383 | CJ4: 0.011338786 | CK4: -0.016575738 | CL4: -0.031416155 | CM4: -0.022077136 | CN4: -0.033497312 | CO4: 0.048218091 | CP4: -0.029710138 | CQ4: -0.014670303 | CR4: -0.002529027 | CS4: 0.068833322 | CT4: 0.027906495 | CU4: 0.016956686 | CV4: 0.025820881
A5: 45474 | B5: -0.051412323 | C5: -0.016019361 | D5: -0.042057179 | E5: 0.045439355 | F5: 0.050267937 | G5: 0.023428459 | H5: -0.077076001 | I5: -0.0031301115 | J5: 0.056172598 | K5: 0.030851343 | L5: 0.012891126 | M5: -0.0080340483 | N5: 0.039410447 | O5: 0.0017428303 | P5: 0.00061579955 | Q5: -0.015892738 | R5: 0.062810403 | S5: 0.0062206242 | T5: -0.0013822847 | U5: 0.029766235 | V5: -0.010129372 | W5: 0.0080793669 | X5: -0.018465851 | Y5: -0.0094753715 | Z5: 0.04519033 | AA5: 0.001405301 | AB5: -0.017191289 | AC5: -0.023400799 | AD5: -0.066234338 | AE5: -0.035799841 | AF5: 0.033890691 | AG5: -0.03282905 | AH5: 0.0046476051 | AI5: 0.035052386 | AJ5: -0.0035342431 | AK5: 0.024864132 | AL5: 0.011498561 | AM5: 0.0074742161 | AN5: -0.0014579844 | AO5: -0.024509207 | AP5: 0.0091656434 | AQ5: -0.017950512 | AR5: 0.01432863 | AS5: 0.032507935 | AT5: -0.0081143728 | AU5: -0.037130778 | AV5: -0.067092926 | AW5: 0.014517239 | AX5: -0.0089360607 | AY5: 0.012186 | AZ5: -0.013317901 | BA5: 0.050819252 | BB5: -0.00065389749 | BC5: -0.034135591 | BD5: 0.015593379 | BE5: -0.011754983 | BF5: -0.046830482 | BG5: 0.010900769 | BH5: 0.026304019 | BI5: -0.0049794347 | BJ5: 0.021413051 | BK5: 0.0064634153 | BL5: -0.028731243 | BM5: 0.040035588 | BN5: 0.0014822352 | BO5: 0.0050263029 | BP5: -0.0014735648 | BQ5: 0.020796108 | BR5: 0.04246172 | BS5: -0.045901991 | BT5: 0.045894811 | BU5: -0.034629264 | BV5: -0.022999058 | BW5: 0.037648146 | BX5: 0.079800551 | BY5: 0.00074827093 | BZ5: 0.053922716 | CA5: 0.015238743 | CB5: 0.044690265 | CC5: -0.0071668874 | CD5: -0.032235442 | CE5: -0.016283999 | CF5: 0.046878695 | CG5: 0.0058633265 | CH5: 0.073448917 | CI5: -0.017661201 | CJ5: 0.059231958 | CK5: 0.073621114 | CL5: 0.1110375 | CM5: 0.03280757 | CN5: 0.017329718 | CO5: 0.0010042707 | CP5: 0.022710716 | CQ5: -0.019627365 | CR5: -0.03456918 | CS5: 0.032348921 | CT5: -0.010508763 | CU5: -0.034434104 | CV5: -0.021881585
A6: 45505 | B6: -0.0069552375 | C6: 0.0049542619 | D6: 0.059538447 | E6: 0.025237492 | F6: 0.029753518 | G6: -0.016340808 | H6: -0.059614617 | I6: -0.042189271 | J6: 0.075116233 | K6: -0.011189818 | L6: -0.017118334 | M6: 0.0078307176 | N6: 0.016924081 | O6: 0.018482537 | P6: -0.0041557338 | Q6: 0.0048316667 | R6: -0.0098540591 | S6: 0.011695219 | T6: 0.0066075829 | U6: 0.055087285 | V6: 0.025363043 | W6: -0.017450666 | X6: -0.029533364 | Y6: 0.06213818 | Z6: 0.017641047 | AA6: 0.0518563 | AB6: 0.021371005 | AC6: -0.051355475 | AD6: -0.0074641592 | AE6: 0.053424847 | AF6: 0.021716799 | AG6: 0.0027848731 | AH6: -0.02877644 | AI6: -0.010494308 | AJ6: -0.036141386 | AK6: 0.0041275018 | AL6: -0.044678958 | AM6: 0.011681291 | AN6: -0.012039959 | AO6: -0.0012313544 | AP6: 0.019265668 | AQ6: 0.0323782 | AR6: -0.069590607 | AS6: 0.020604863 | AT6: -0.02104974 | AU6: 0.0065504581 | AV6: 0.097519067 | AW6: -0.030384875 | AX6: 0.077236438 | AY6: 0.032072773 | AZ6: 0.022946937 | BA6: 0.070255391 | BB6: 0.038122496 | BC6: 0.050672412 | BD6: -0.0052600722 | BE6: 0.01852048 | BF6: -0.042114801 | BG6: 0.010809353 | BH6: -0.013963468 | BI6: -0.019106233 | BJ6: -0.0090942195 | BK6: 0.026040203 | BL6: 0.013698247 | BM6: -0.0041642878 | BN6: 0.045631406 | BO6: 0.0026630292 | BP6: 0.0175911 | BQ6: 0.0076200386 | BR6: 0.022813925 | BS6: 0.0019642907 | BT6: 0.0049242989 | BU6: 0.018483445 | BV6: 0.0040102011 | BW6: -0.0055438825 | BX6: -0.006193385 | BY6: 0.01240578 | BZ6: 0.063955336 | CA6: 0.0076720531 | CB6: 0.038289191 | CC6: 0.023309452 | CD6: -0.013016235 | CE6: 0.005061782 | CF6: 0.023237883 | CG6: 0.0044371895 | CH6: -0.012696319 | CI6: 0.036386141 | CJ6: 0.0092316831 | CK6: 0.0086726793 | CL6: 0.014085546 | CM6: 0.016013161 | CN6: -0.035309266 | CO6: 0.0031988463 | CP6: -0.040275318 | CQ6: -0.04154122 | CR6: 0.018447904 | CS6: -0.0061534903 | CT6: 0.0013360618 | CU6: -0.0069622144 | CV6: -0.0095548287
A7: 45536 | B7: 0.023470548 | C7: -0.0040753595 | D7: 0.036720492 | E7: 0.023219148 | F7: 0.017965627 | G7: 0.026439233 | H7: 0.0074124817 | I7: 0.0064203887 | J7: 0.034205155 | K7: -0.020640046 | L7: 0.051215128 | M7: -0.015940463 | N7: -0.0068228524 | O7: -0.029963502 | P7: -0.034542225 | Q7: -0.014647178 | R7: -0.0011535682 | S7: 0.026023404 | T7: 1.0589724e-05 | U7: 0.00069600887 | V7: 0.04675044 | W7: -0.021510607 | X7: -0.0030778769 | Y7: -0.0069547947 | Z7: -0.078618602 | AA7: 0.02019384 | AB7: 0.0025780184 | AC7: 0.014053075 | AD7: 0.0056043442 | AE7: 0.018344361 | AF7: 0.01549549 | AG7: -0.068229147 | AH7: -0.010395173 | AI7: -0.0033841915 | AJ7: 0.0047359881 | AK7: -0.0087858626 | AL7: 0.031925478 | AM7: 0.00091431644 | AN7: 0.0072106469 | AO7: -0.065355508 | AP7: 0.019996532 | AQ7: -0.0095513475 | AR7: 0.02079781 | AS7: 0.0080161166 | AT7: -0.0051283348 | AU7: -0.024747203 | AV7: -0.02813439 | AW7: 0.0043254795 | AX7: -0.0021519109 | AY7: 0.0042862564 | AZ7: 0.015517311 | BA7: -0.0097186616 | BB7: 0.011520674 | BC7: -0.017996472 | BD7: 0.031841592 | BE7: 0.021011491 | BF7: -0.045369028 | BG7: -0.060371706 | BH7: -0.071807258 | BI7: 0.023581204 | BJ7: 0.0072977189 | BK7: 0.041700413 | BL7: -0.019183342 | BM7: 0.0054517315 | BN7: 0.034547331 | BO7: 0.0065750761 | BP7: 0.012031069 | BQ7: 0.052065252 | BR7: -0.04162068 | BS7: 0.0068078073 | BT7: -0.010931616 | BU7: -0.0095193244 | BV7: 0.019948655 | BW7: -0.01231081 | BX7: 0.0067871139 | BY7: 0.038156063 | BZ7: 0.032471238 | CA7: 0.0054389261 | CB7: 0.023780357 | CC7: 0.028523334 | CD7: 0.024904932 | CE7: 0.010351967 | CF7: 0.020283744 | CG7: 0.028381182 | CH7: -0.01273863 | CI7: -0.0099112603 | CJ7: 0.019417289 | CK7: -0.0040706342 | CL7: 0.0011694615 | CM7: 0.071388876 | CN7: -0.031291292 | CO7: 0.02125001 | CP7: -0.010838635 | CQ7: -0.015627422 | CR7: -0.019949908 | CS7: 0.0015337221 | CT7: 0.010927691 | CU7: -0.023246176 | CV7: -0.047475253
A8: 45566 | B8: 0.011924382 | C8: -0.026121012 | D8: -0.053195158 | E8: 0.051856606 | F8: 0.025149967 | G8: 0.00046029016 | H8: 0.004773354 | I8: 0.0010213629 | J8: -0.013796011 | K8: 0.010613752 | L8: 0.00036275284 | M8: 0.031090867 | N8: 0.013856593 | O8: -0.064334613 | P8: 0.023203113 | Q8: -0.049078535 | R8: 0.020773592 | S8: 0.03021189 | T8: -0.037279535 | U8: 0.035258242 | V8: -0.021485608 | W8: -0.060132435 | X8: 0.045634626 | Y8: -0.014472402 | Z8: 0.020131063 | AA8: -0.0075938929 | AB8: 0.010545348 | AC8: 0.045472869 | AD8: -0.021297954 | AE8: -0.0058608863 | AF8: 0.012672764 | AG8: 0.062241741 | AH8: -0.024193562 | AI8: 0.015085022 | AJ8: 0.024473668 | AK8: 0.025477465 | AL8: 0.0084212196 | AM8: -0.01940877 | AN8: 0.047980042 | AO8: 0.0021392331 | AP8: 0.013425487 | AQ8: -0.021821485 | AR8: 0.050994171 | AS8: -0.018182501 | AT8: 0.00089380616 | AU8: 0.0083139595 | AV8: -0.0057464245 | AW8: -0.02348495 | AX8: -0.019354717 | AY8: 0.020912732 | AZ8: -0.03634274 | BA8: -0.032363717 | BB8: 0.027959871 | BC8: 0.010719148 | BD8: 0.023693723 | BE8: -0.073930996 | BF8: -0.022991341 | BG8: 0.011139497 | BH8: 0.016970536 | BI8: 0.033121122 | BJ8: 0.032894398 | BK8: 0.015496222 | BL8: 0.077219238 | BM8: 0.028780747 | BN8: -0.02220582 | BO8: 0.025272456 | BP8: -0.02020077 | BQ8: 0.045342207 | BR8: 0.022207589 | BS8: 0.018616651 | BT8: 0.067289019 | BU8: 0.015237874 | BV8: -0.058922329 | BW8: 0.014834639 | BX8: -0.017847154 | BY8: -0.0090150021 | BZ8: 0.018674919 | CA8: -0.022345497 | CB8: 0.0035474625 | CC8: -0.0024168502 | CD8: 0.060054457 | CE8: 0.026300198 | CF8: 0.029417908 | CG8: 0.029892065 | CH8: 0.0042232686 | CI8: 0.0098681918 | CJ8: 0.049129363 | CK8: -0.04317604 | CL8: -0.045775297 | CM8: -0.015735504 | CN8: 0.012423631 | CO8: -0.0016578477 | CP8: 0.07058149 | CQ8: -0.017155947 | CR8: 0.0017729491 | CS8: 0.036735675 | CT8: -0.006812253 | CU8: -0.032131822 | CV8: -0.049921045
A9: 45597 | B9: 0.00036948556 | C9: 0.011715016 | D9: -0.013215495 | E9: -0.03112418 | F9: -0.021040845 | G9: -0.012601465 | H9: -0.043214128 | I9: 0.017682307 | J9: -0.016207789 | K9: -0.028190606 | L9: 0.033831903 | M9: 0.003909574 | N9: -0.0116474 | O9: 0.023328172 | P9: -0.0052421244 | Q9: 0.035282814 | R9: -0.0078066611 | S9: -0.0056904925 | T9: -0.014509878 | U9: 0.023218193 | V9: 0.019036126 | W9: -0.015889866 | X9: 0.0097739588 | Y9: 0.049752414 | Z9: 0.010180709 | AA9: 0.036389828 | AB9: -0.039595449 | AC9: -0.0097639929 | AD9: 0.0094181797 | AE9: -0.0099237998 | AF9: 0.040743722 | AG9: 0.0069204591 | AH9: -0.022344361 | AI9: 0.051945967 | AJ9: -0.00015004384 | AK9: 0.058486019 | AL9: -0.031024026 | AM9: 0.0040191415 | AN9: 0.029286771 | AO9: 0.021069801 | AP9: 0.022839827 | AQ9: -0.012763768 | AR9: 0.035377669 | AS9: -0.014865048 | AT9: 0.0020119598 | AU9: -0.04658313 | AV9: 0.04838536 | AW9: -0.019770454 | AX9: -0.0060277252 | AY9: -0.029636268 | AZ9: 0.044324683 | BA9: -0.042792531 | BB9: -0.027710333 | BC9: 0.024825911 | BD9: 0.0080913943 | BE9: 0.017678769 | BF9: 0.0054398348 | BG9: 0.049419171 | BH9: 0.0039162869 | BI9: -0.0084627913 | BJ9: -0.013694402 | BK9: 0.0055973132 | BL9: 0.021819543 | BM9: -0.037591503 | BN9: 0.0070146834 | BO9: -0.0050134802 | BP9: 0.025601795 | BQ9: 0.011746469 | BR9: 0.0286849 | BS9: -0.021488255 | BT9: 0.0039429902 | BU9: 0.034242739 | BV9: 0.045449699 | BW9: 0.034596975 | BX9: 0.031327036 | BY9: -0.0039667116 | BZ9: 0.037300745 | CA9: 0.025036098 | CB9: 0.0064884477 | CC9: -0.0079057304 | CD9: 0.017800138 | CE9: -0.0098142187 | CF9: -0.013669827 | CG9: 0.0020786879 | CH9: 0.020088212 | CI9: -0.021140345 | CJ9: 0.047961574 | CK9: 0.02541973 | CL9: -0.0090039734 | CM9: -0.055359879 | CN9: -0.035255192 | CO9: -0.017829366 | CP9: 0.047829116 | CQ9: 0.0065299497 | CR9: -0.0052913891 | CS9: 0.041155051 | CT9: 0.019217778 | CU9: 0.0090959053 | CV9: -0.044930315
A10: 45627 | B10: 0.011362288 | C10: 0.057252996 | D10: -0.035894107 | E10: 0.033851211 | F10: -0.056486093 | G10: -0.013073081 | H10: 0.02404398 | I10: -0.013955925 | J10: -0.021122213 | K10: 0.018905842 | L10: 0.042533622 | M10: -0.018643643 | N10: -0.0026499652 | O10: 0.073056412 | P10: 0.074702755 | Q10: -0.011471333 | R10: 0.0036938468 | S10: -0.0078543919 | T10: -0.026323192 | U10: -0.01504031 | V10: -0.01814811 | W10: 0.062735817 | X10: -0.030524142 | Y10: 0.012564063 | Z10: -0.0075350735 | AA10: -0.014942194 | AB10: 0.073602574 | AC10: -0.0070097305 | AD10: -0.0054261777 | AE10: -0.00076134718 | AF10: 0.077409758 | AG10: -0.0077803266 | AH10: -0.012123413 | AI10: -0.0083089936 | AJ10: -0.0039110327 | AK10: 0.04695507 | AL10: -0.014258306 | AM10: 0.0095985922 | AN10: 0.036310961 | AO10: 0.044277461 | AP10: 0.040989406 | AQ10: -0.024540022 | AR10: -0.010459987 | AS10: 0.0063629693 | AT10: 0.0053838128 | AU10: 0.0060253102 | AV10: 0.004347921 | AW10: -0.029995071 | AX10: 0.067556705 | AY10: 0.011330885 | AZ10: 0.0034399512 | BA10: 0.0083130327 | BB10: 0.044523746 | BC10: 0.027666198 | BD10: -0.0037070254 | BE10: -0.0060805259 | BF10: -0.0078332311 | BG10: 0.0093144737 | BH10: 0.0012829506 | BI10: -0.04846511 | BJ10: 0.02563449 | BK10: 0.039030803 | BL10: -0.046677016 | BM10: -0.0040043763 | BN10: -0.043131721 | BO10: 0.014809811 | BP10: -0.014328915 | BQ10: -0.019540948 | BR10: 0.0052539319 | BS10: -0.0049617125 | BT10: -0.035748919 | BU10: 0.027787444 | BV10: -0.012268647 | BW10: -0.0017134723 | BX10: -0.04478719 | BY10: 0.0046558503 | BZ10: 0.023051196 | CA10: -0.018608199 | CB10: -0.013312373 | CC10: 0.036699009 | CD10: 0.032129533 | CE10: -0.0022134536 | CF10: 0.0026992194 | CG10: 0.029354517 | CH10: -0.0084781186 | CI10: 0.056917031 | CJ10: -0.015504045 | CK10: 0.025846132 | CL10: 0.034974202 | CM10: -0.032192633 | CN10: 0.011918806 | CO10: -0.0017117591 | CP10: -0.012408692 | CQ10: -0.018377314 | CR10: -0.0094245251 | CS10: -0.031019539 | CT10: -0.039005845 | CU10: -0.023315026 | CV10: 0.014822063
A11: 45658 | B11: 0.015250787 | C11: 0.032444391 | D11: -0.038467199 | E11: -0.019588819 | F11: 0.012151551 | G11: 0.052781802 | H11: 0.028646572 | I11: 0.0092735985 | J11: 0.020691923 | K11: -4.5129113e-05 | L11: -0.032181617 | M11: -0.0040075001 | N11: -0.045068546 | O11: 0.0035856098 | P11: -0.043186516 | Q11: 0.0099585928 | R11: -0.0099040724 | S11: -0.0033462912 | T11: 0.072519904 | U11: -0.0038756606 | V11: 0.044035645 | W11: 0.0039121041 | X11: -0.011579051 | Y11: -0.010554468 | Z11: 0.023199186 | AA11: 0.004127519 | AB11: -0.020909449 | AC11: 0.059647952 | AD11: -0.011319215 | AE11: 0.0095408593 | AF11: 0.026036947 | AG11: 0.033754577 | AH11: 0.0083087011 | AI11: -0.02177043 | AJ11: 0.03527155 | AK11: 0.0047933122 | AL11: -0.027200324 | AM11: 0.023592448 | AN11: 0.050218268 | AO11: 0.0060456113 | AP11: -0.040290097 | AQ11: -0.0039454757 | AR11: -0.021952143 | AS11: -0.045280063 | AT11: 0.070441639 | AU11: -0.01422629 | AV11: 0.024292183 | AW11: -0.0008163472 | AX11: 0.038962781 | AY11: 0.028182241 | AZ11: -0.069091422 | BA11: -0.00088137897 | BB11: 0.0063671222 | BC11: 0.043198733 | BD11: -0.021344633 | BE11: 0.022366761 | BF11: 0.0067504417 | BG11: -0.021727566 | BH11: -0.018065748 | BI11: -0.029064226 | BJ11: -0.0020838127 | BK11: 0.04981368 | BL11: 0.026245373 | BM11: 0.045466181 | BN11: -0.0010925927 | BO11: 0.0019599823 | BP11: 0.058411626 | BQ11: 0.030452146 | BR11: 0.013985699 | BS11: -0.011021563 | BT11: -0.02055625 | BU11: 0.048130626 | BV11: 0.0088319151 | BW11: 0.058837793 | BX11: 0.039044461 | BY11: 0.0150226 | BZ11: 0.05023056 | CA11: -0.025523734 | CB11: -0.0043816465 | CC11: -0.040504818 | CD11: 0.028157259 | CE11: 0.018788867 | CF11: 0.012901096 | CG11: -0.016166531 | CH11: 0.0051522461 | CI11: 0.014221164 | CJ11: 0.013097325 | CK11: -0.0017146433 | CL11: -0.0087745861 | CM11: 0.018153784 | CN11: 0.042853594 | CO11: 0.014962572 | CP11: 0.031176471 | CQ11: -0.013616186 | CR11: -0.0062744968 | CS11: 0.012599601 | CT11: 0.074717511 | CU11: -0.005808991 | CV11: -0.0040883266
A12: 45689 | B12: -0.011905346 | C12: -0.0029047749 | D12: 0.00065382507 | E12: -0.00089723563 | F12: 0.054348109 | G12: -0.060439475 | H12: -0.004175738 | I12: -0.00028934113 | J12: 0.0061981048 | K12: -0.0067390831 | L12: 0.02239176 | M12: 0.055031866 | N12: 0.011597672 | O12: 0.047473422 | P12: 0.025803076 | Q12: -0.00943687 | R12: -0.050809959 | S12: 0.024701608 | T12: 0.013743655 | U12: -0.02648932 | V12: -0.010088745 | W12: 0.021524758 | X12: -0.01326743 | Y12: 0.024297057 | Z12: 0.019689694 | AA12: -0.05554485 | AB12: 0.03128316 | AC12: 0.0092493252 | AD12: 0.00039512456 | AE12: 0.0020883039 | AF12: -0.020044259 | AG12: 0.044326561 | AH12: -0.043139925 | AI12: -0.007648875 | AJ12: 0.072156297 | AK12: 0.021832873 | AL12: -0.019066796 | AM12: -0.042651573 | AN12: -0.053414522 | AO12: -0.01802387 | AP12: 0.0054141856 | AQ12: -0.032796427 | AR12: 0.011034417 | AS12: -0.0068894665 | AT12: 0.028417378 | AU12: 0.010813125 | AV12: 0.014345744 | AW12: -0.00059735031 | AX12: -0.01975925 | AY12: 0.025168269 | AZ12: -0.055171222 | BA12: 0.045080265 | BB12: -0.028845012 | BC12: -0.0028984871 | BD12: 0.025697852 | BE12: -0.022892476 | BF12: -0.003372769 | BG12: 0.027973991 | BH12: -0.030075189 | BI12: -0.0042217345 | BJ12: -0.014653243 | BK12: -0.022280996 | BL12: 0.017354194 | BM12: 0.0004706806 | BN12: 0.029879283 | BO12: -0.012014967 | BP12: -0.0051202283 | BQ12: 0.098448814 | BR12: 0.0056618429 | BS12: -0.028020735 | BT12: 0.023945208 | BU12: 0.096031037 | BV12: -0.031795749 | BW12: -0.0078630482 | BX12: 0.023206192 | BY12: 0.0091786142 | BZ12: -0.024611507 | CA12: 0.033410606 | CB12: 0.032120055 | CC12: 0.049579392 | CD12: -0.010612241 | CE12: 0.021434841 | CF12: -0.026443333 | CG12: 0.04448375 | CH12: 0.04193274 | CI12: -0.021805445 | CJ12: -0.042572119 | CK12: -0.009080182 | CL12: 0.070989488 | CM12: -0.027898966 | CN12: -0.014927586 | CO12: 0.044957641 | CP12: 0.020538023 | CQ12: -0.0076321714 | CR12: 0.0010470628 | CS12: -0.055395607 | CT12: -0.011047903 | CU12: 0.030267114 | CV12: 0.029659348
A13: 45717 | B13: 0.024734526 | C13: -0.0081819269 | D13: -0.019276264 | E13: 0.074890601 | F13: -0.02399039 | G13: 0.011412397 | H13: 0.00068102276 | I13: 0.013925207 | J13: -0.011133354 | K13: -0.025198981 | L13: 0.03693378 | M13: 0.0047850157 | N13: 0.057186096 | O13: 0.0088603961 | P13: -0.002312415 | Q13: 0.064380359 | R13: -0.0070830794 | S13: 0.021993832 | T13: 0.011924433 | U13: 0.041255267 | V13: 0.022397765 | W13: 0.010976706 | X13: 0.039721497 | Y13: 0.063430246 | Z13: -0.011156975 | AA13: -0.0167777 | AB13: -0.022332592 | AC13: 0.021471055 | AD13: -0.023630139 | AE13: 0.014335912 | AF13: -0.016157058 | AG13: 0.020261092 | AH13: 0.0030085816 | AI13: 0.033689271 | AJ13: 0.008028212 | AK13: 0.011497549 | AL13: 0.01701208 | AM13: 0.017550414 | AN13: 0.038939164 | AO13: 0.022192983 | AP13: 0.046414665 | AQ13: 0.0045046461 | AR13: -0.025925986 | AS13: 0.050756551 | AT13: 0.0031327684 | AU13: 0.0091532036 | AV13: -0.055710866 | AW13: 0.0058192224 | AX13: -0.014116004 | AY13: -0.008038654 | AZ13: -0.012997425 | BA13: -0.0047084298 | BB13: 0.011724989 | BC13: 0.016372151 | BD13: -0.01182127 | BE13: 0.059000375 | BF13: -0.0080439212 | BG13: -0.025903255 | BH13: 0.011426961 | BI13: -0.0073977317 | BJ13: -0.0089213886 | BK13: 0.03004515 | BL13: -0.016587879 | BM13: -0.0034981881 | BN13: -0.0041034608 | BO13: -0.012842096 | BP13: 0.051746501 | BQ13: 0.025951008 | BR13: 0.018752676 | BS13: -0.022835538 | BT13: 0.028651757 | BU13: -0.013959742 | BV13: 0.023277342 | BW13: 0.0010008171 | BX13: -0.064690377 | BY13: -0.0013501066 | BZ13: 0.045966846 | CA13: 0.015747414 | CB13: 0.038405464 | CC13: 0.0052321715 | CD13: -0.014193029 | CE13: 0.022631387 | CF13: 0.024871974 | CG13: 0.014544554 | CH13: -0.016067096 | CI13: 0.0023147382 | CJ13: 0.058026742 | CK13: 0.013616877 | CL13: -0.065409861 | CM13: -0.01342677 | CN13: -0.0047769284 | CO13: 0.005992637 | CP13: 0.061793389 | CQ13: 0.03880403 | CR13: 0.00076168704 | CS13: -0.017670321 | CT13: -0.0071044768 | CU13: 0.033922531 | CV13: -0.013339477
A14: TOTAL | B14: {=PRODUCT(1+B2:B13)} -> 1.0513078 | C14: {=PRODUCT(1+C2:C13)} -> 1.1391307 | D14: {=PRODUCT(1+D2:D13)} -> 0.94001396 | E14: {=PRODUCT(1+E2:E13)} -> 1.2424456 | F14: {=PRODUCT(1+F2:F13)} -> 0.98801093 | G14: {=PRODUCT(1+G2:G13)} -> 0.97515746 | H14: {=PRODUCT(1+H2:H13)} -> 0.92830733 | I14: {=PRODUCT(1+I2:I13)} -> 1.0046952 | ... CV14: {=PRODUCT(1+CV2:CV13)} -> 0.86475081
B16: c
D34: 0.012810467 | E34: 0.031404982 | F34: -0.020903397 | H34: -0.022268966 | I34: -0.0057512118
D35: 0.01190866 | E35: -0.0054527093 | F35: 0.0051420599 | H35: 0.0014176264 | I35: 0.044751502
D36: 0.061126858 | E36: 0.02461207 | F36: 0.037688571 | H36: -0.011820141 | I36: 0.01288128
D37: -0.016019361 | E37: -0.042057179 | F37: 0.045439355 | H37: 0.023428459 | I37: -0.077076001
D38: 0.0049542619 | E38: 0.059538447 | F38: 0.025237492 | H38: -0.016340808 | I38: -0.059614617
D39: -0.0040753595 | E39: 0.036720492 | F39: 0.023219148 | H39: 0.026439233 | I39: 0.0074124817
C40: 0.009388021 | D40: -0.026121012 | E40: -0.053195158 | F40: 0.051856606 | G40: 0.050953705 | H40: 0.00046029016 | I40: 0.004773354 | J40: -0.011006737 | K40: 0.003094203 | L40: -0.047047729 | M40: 0.031785799 | N40: -0.099660436 | O40: 0.0021393383 | P40: 0.06942774 | Q40: -0.00068370763 | R40: -0.031323252 | S40: -0.016862597 | T40: -0.013466961 | U40: 0.052129639 | V40: 0.042925652 | W40: -0.016232561 | X40: 0.018498643 | Y40: -0.038236323 | Z40: 0.0073579728 | AA40: 0.015030007 | AB40: 0.025401745 | AC40: 0.0059862945 | AD40: -0.053754819 | AE40: 0.059269353 | AF40: -0.011062766 | AG40: 0.030741726 | AH40: 0.0035151639 | AI40: 0.021667532 | AJ40: 0.077163617 | AK40: 0.034792797 | AL40: -0.016869862 | AM40: 0.015856287 | AN40: 0.013524221 | AO40: 0.010759116 | AP40: -0.058094339 | AQ40: 0.074499209 | AR40: 0.042482288 | AS40: 0.022175588 | AT40: -0.014492133 | AU40: -0.067248351 | AV40: -0.011631939 | AW40: 0.045600406 | AX40: 0.010376181 | AY40: 0.048353476 | AZ40: -0.014818038 | BA40: 0.0010810463 | BB40: -0.020969258 | BC40: -0.0069930244 | BD40: -0.02653699 | BE40: -0.030070407 | BF40: -0.02407784 | BG40: -0.055367523 | BH40: -0.0049822643 | BI40: 0.030457771 | BJ40: -0.038465451 | BK40: -0.030052881 | BL40: -0.014590303 | BM40: -0.007059263 | BN40: 0.041482464 | BO40: -0.038428904 | BP40: 0.10871327 | BQ40: 0.0073770663 | BR40: 0.015911425 | BS40: 0.050181902 | BT40: -0.0037664177 | BU40: -0.017229048 | BV40: 0.017391018 | BW40: 0.04559237 | BX40: -0.020172306 | BY40: -0.02003436 | BZ40: 0.020949247 | CA40: 0.02124196 | CB40: 0.0059038532 | CC40: 0.055134594 | CD40: -0.073413152 | CE40: 0.0081687363 | CF40: 0.096882809 | CG40: 0.085256788 | CH40: 0.0072142572 | CI40: -0.018625639 | CJ40: 0.02135654 | CK40: 0.03478926 | CL40: -0.031892763 | CM40: 0.057035783 | CN40: 0.021557757 | CO40: 0.0048337118 | CP40: 0.0044421435 | CQ40: -0.030347661 | CR40: 0.048439606 | CS40: 0.021363038 | CT40: 0.028061785 | CU40: -0.056554402 | CV40: 0.053290595 | CW40: 0.025235798
C41: 0.015244411 | D41: 0.011715016 | E41: -0.013215495 | F41: -0.03112418 | G41: -0.094994684 | H41: -0.012601465 | I41: -0.043214128 | J41: -0.021204919 | K41: -0.0038654354 | L41: -0.043763469 | M41: 0.021423667 | N41: -0.018731504 | O41: 0.082684079 | P41: 0.013604988 | Q41: -0.018636248 | R41: -0.0017490277 | S41: -0.030312481 | T41: 0.02326068 | U41: -0.047630012 | V41: 0.020062495 | W41: -0.038861782 | X41: 0.056693463 | Y41: 0.010111753 | Z41: 0.00042785436 | AA41: 0.0074504678 | AB41: -0.0054308966 | AC41: -0.005718803 | AD41: 0.045568024 | AE41: 0.0021856024 | AF41: 0.020220249 | AG41: -0.017379341 | AH41: 0.067427187 | AI41: 0.040270665 | AJ41: -0.00034151583 | AK41: 0.042628924 | AL41: 0.0081385093 | AM41: -0.042960447 | AN41: 0.046695374 | AO41: 0.019120741 | AP41: 0.00047556756 | AQ41: -0.012121754 | AR41: 0.024938343 | AS41: 0.0076859426 | AT41: -0.055551982 | AU41: 0.042151076 | AV41: 0.021097674 | AW41: 0.001889601 | AX41: 0.032269656 | AY41: 0.022014708 | AZ41: -0.041071075 | BA41: -0.018043374 | BB41: 0.04724602 | BC41: 0.013751546 | BD41: -0.038691952 | BE41: 0.0095086666 | BF41: -0.0056226505 | BG41: 0.072300111 | BH41: 0.0058244629 | BI41: 0.019407972 | BJ41: -0.0043191424 | BK41: -0.021544399 | BL41: 0.0084890263 | BM41: 0.021521231 | BN41: 0.0047977319 | BO41: 0.0611685 | BP41: 0.033483656 | BQ41: 0.029529052 | BR41: 0.02123834 | BS41: 0.0063299897 | BT41: -0.026276064 | BU41: 0.014779945 | BV41: 0.0072834943 | BW41: 0.067005732 | BX41: -0.039962522 | BY41: 0.016707678 | BZ41: 0.038734652 | CA41: 0.0083063376 | CB41: 0.00024956761 | CC41: 0.03134603 | CD41: -0.046835869 | CE41: -0.040513395 | CF41: 0.0039956879 | CG41: 0.079551467 | CH41: 0.0078183382 | CI41: 0.030274689 | CJ41: -0.023294482 | CK41: -0.0047546088 | CL41: -0.0096055229 | CM41: 0.010530564 | CN41: -0.016573172 | CO41: -0.021231017 | CP41: 0.0080632 | CQ41: 0.027100542 | CR41: 0.072396005 | CS41: 0.034318811 | CT41: -0.024403178 | CU41: 0.0087716031 | CV41: 0.05745536 | CW41: -0.043619441
C42: 0.011069399 | D42: 0.057252996 | E42: -0.035894107 | F42: 0.033851211 | G42: -0.043298212 | H42: -0.013073081 | I42: 0.02404398 | J42: 0.051019025 | K42: 0.055464013 | L42: 0.047259206 | M42: -0.037164819 | N42: -0.03988375 | O42: 0.018162991 | P42: -0.014783544 | Q42: -0.025492241 | R42: 0.014004767 | S42: -0.011525354 | T42: -0.018442392 | U42: 0.039483177 | V42: 0.045896237 | W42: -0.023657387 | X42: 0.042027793 | Y42: -0.0032722533 | Z42: -0.024944015 | AA42: 0.026124358 | AB42: 0.011872208 | AC42: 0.0084753169 | AD42: -0.015134951 | AE42: 0.026187301 | AF42: 0.0090379276 | AG42: -0.0097753874 | AH42: -0.024109455 | AI42: 0.0075528431 | AJ42: -0.045979595 | AK42: 0.01466225 | AL42: -0.015605256 | AM42: 0.040692711 | AN42: -0.0076914296 | AO42: 0.0088895134 | AP42: -0.027731624 | AQ42: 0.010797275 | AR42: -0.028495671 | AS42: -0.011146246 | AT42: -0.045562085 | AU42: 0.022109944 | AV42: 0.019065416 | AW42: -0.011388973 | AX42: 0.017877078 | AY42: 0.032973406 | AZ42: 0.030624035 | BA42: 0.043030849 | BB42: 0.0083425186 | BC42: -0.067764529 | BD42: 0.026344157 | BE42: -0.016928214 | BF42: 0.0060280731 | BG42: 0.014422887 | BH42: 0.015347907 | BI42: 0.022542085 | BJ42: 0.028012965 | BK42: 0.049075444 | BL42: 0.038817682 | BM42: 0.074463653 | BN42: 0.023752973 | BO42: 0.046413854 | BP42: 0.027884299 | BQ42: 0.025167202 | BR42: -0.02688658 | BS42: 0.053314544 | BT42: 0.04204918 | BU42: 0.060375712 | BV42: -0.020031166 | BW42: 0.05557321 | BX42: 0.02811853 | BY42: -0.0080521915 | BZ42: -0.0098245447 | CA42: 0.014615001 | CB42: 0.011533868 | CC42: 0.026091807 | CD42: 0.012949535 | CE42: 0.055948443 | CF42: -0.031550872 | CG42: 0.0099283363 | CH42: -0.016204609 | CI42: -0.0064841847 | CJ42: -0.0033985383 | CK42: 0.011338786 | CL42: -0.016575738 | CM42: -0.031416155 | CN42: -0.022077136 | CO42: -0.033497312 | CP42: 0.048218091 | CQ42: -0.029710138 | CR42: -0.014670303 | CS42: -0.002529027 | CT42: 0.068833322 | CU42: 0.027906495 | CV42: 0.016956686 | CW42: 0.025820881
C43: -0.051412323 | D43: 0.032444391 | E43: -0.038467199 | F43: -0.019588819 | G43: 0.050267937 | H43: 0.052781802 | I43: 0.028646572 | J43: -0.0031301115 | K43: 0.056172598 | L43: 0.030851343 | M43: 0.012891126 | N43: -0.0080340483 | O43: 0.039410447 | P43: 0.0017428303 | Q43: 0.00061579955 | R43: -0.015892738 | S43: 0.062810403 | T43: 0.0062206242 | U43: -0.0013822847 | V43: 0.029766235 | W43: -0.010129372 | X43: 0.0080793669 | Y43: -0.018465851 | Z43: -0.0094753715 | AA43: 0.04519033 | AB43: 0.001405301 | AC43: -0.017191289 | AD43: -0.023400799 | AE43: -0.066234338 | AF43: -0.035799841 | AG43: 0.033890691 | AH43: -0.03282905 | AI43: 0.0046476051 | AJ43: 0.035052386 | AK43: -0.0035342431 | AL43: 0.024864132 | AM43: 0.011498561 | AN43: 0.0074742161 | AO43: -0.0014579844 | AP43: -0.024509207 | AQ43: 0.0091656434 | AR43: -0.017950512 | AS43: 0.01432863 | AT43: 0.032507935 | AU43: -0.0081143728 | AV43: -0.037130778 | AW43: -0.067092926 | AX43: 0.014517239 | AY43: -0.0089360607 | AZ43: 0.012186 | BA43: -0.013317901 | BB43: 0.050819252 | BC43: -0.00065389749 | BD43: -0.034135591 | BE43: 0.015593379 | BF43: -0.011754983 | BG43: -0.046830482 | BH43: 0.010900769 | BI43: 0.026304019 | BJ43: -0.0049794347 | BK43: 0.021413051 | BL43: 0.0064634153 | BM43: -0.028731243 | BN43: 0.040035588 | BO43: 0.0014822352 | BP43: 0.0050263029 | BQ43: -0.0014735648 | BR43: 0.020796108 | BS43: 0.04246172 | BT43: -0.045901991 | BU43: 0.045894811 | BV43: -0.034629264 | BW43: -0.022999058 | BX43: 0.037648146 | BY43: 0.079800551 | BZ43: 0.00074827093 | CA43: 0.053922716 | CB43: 0.015238743 | CC43: 0.044690265 | CD43: -0.0071668874 | CE43: -0.032235442 | CF43: -0.016283999 | CG43: 0.046878695 | CH43: 0.0058633265 | CI43: 0.073448917 | CJ43: -0.017661201 | CK43: 0.059231958 | CL43: 0.073621114 | CM43: 0.1110375 | CN43: 0.03280757 | CO43: 0.017329718 | CP43: 0.0010042707 | CQ43: 0.022710716 | CR43: -0.019627365 | CS43: -0.03456918 | CT43: 0.032348921 | CU43: -0.010508763 | CV43: -0.034434104 | CW43: -0.021881585
C44: -0.0069552375 | D44: -0.0029047749 | E44: 0.00065382507 | F44: -0.00089723563 | G44: 0.029753518 | H44: -0.060439475 | I44: -0.004175738 | J44: -0.042189271 | K44: 0.075116233 | L44: -0.011189818 | M44: -0.017118334 | N44: 0.0078307176 | O44: 0.016924081 | P44: 0.018482537 | Q44: -0.0041557338 | R44: 0.0048316667 | S44: -0.0098540591 | T44: 0.011695219 | U44: 0.0066075829 | V44: 0.055087285 | W44: 0.025363043 | X44: -0.017450666 | Y44: -0.029533364 | Z44: 0.06213818 | AA44: 0.017641047 | AB44: 0.0518563 | AC44: 0.021371005 | AD44: -0.051355475 | AE44: -0.0074641592 | AF44: 0.053424847 | AG44: 0.021716799 | AH44: 0.0027848731 | AI44: -0.02877644 | AJ44: -0.010494308 | AK44: -0.036141386 | AL44: 0.0041275018 | AM44: -0.044678958 | AN44: 0.011681291 | AO44: -0.012039959 | AP44: -0.0012313544 | AQ44: 0.019265668 | AR44: 0.0323782 | AS44: -0.069590607 | AT44: 0.020604863 | AU44: -0.02104974 | AV44: 0.0065504581 | AW44: 0.097519067 | AX44: -0.030384875 | AY44: 0.077236438 | AZ44: 0.032072773 | BA44: 0.022946937 | BB44: 0.070255391 | BC44: 0.038122496 | BD44: 0.050672412 | BE44: -0.0052600722 | BF44: 0.01852048 | BG44: -0.042114801 | BH44: 0.010809353 | BI44: -0.013963468 | BJ44: -0.019106233 | BK44: -0.0090942195 | BL44: 0.026040203 | BM44: 0.013698247 | BN44: -0.0041642878 | BO44: 0.045631406 | BP44: 0.0026630292 | BQ44: 0.0175911 | BR44: 0.0076200386 | BS44: 0.022813925 | BT44: 0.0019642907 | BU44: 0.0049242989 | BV44: 0.018483445 | BW44: 0.0040102011 | BX44: -0.0055438825 | BY44: -0.006193385 | BZ44: 0.01240578 | CA44: 0.063955336 | CB44: 0.0076720531 | CC44: 0.038289191 | CD44: 0.023309452 | CE44: -0.013016235 | CF44: 0.005061782 | CG44: 0.023237883 | CH44: 0.0044371895 | CI44: -0.012696319 | CJ44: 0.036386141 | CK44: 0.0092316831 | CL44: 0.0086726793 | CM44: 0.014085546 | CN44: 0.016013161 | CO44: -0.035309266 | CP44: 0.0031988463 | CQ44: -0.040275318 | CR44: -0.04154122 | CS44: 0.018447904 | CT44: -0.0061534903 | CU44: 0.0013360618 | CV44: -0.0069622144 | CW44: -0.0095548287
C45: 0.023470548 | D45: -0.0081819269 | E45: -0.019276264 | F45: 0.074890601 | G45: 0.017965627 | H45: 0.011412397 | I45: 0.00068102276 | J45: 0.0064203887 | K45: 0.034205155 | L45: -0.020640046 | M45: 0.051215128 | N45: -0.015940463 | O45: -0.0068228524 | P45: -0.029963502 | Q45: -0.034542225 | R45: -0.014647178 | S45: -0.0011535682 | T45: 0.026023404 | U45: 1.0589724e-05 | V45: 0.00069600887 | W45: 0.04675044 | X45: -0.021510607 | Y45: -0.0030778769 | Z45: -0.0069547947 | AA45: -0.078618602 | AB45: 0.02019384 | AC45: 0.0025780184 | AD45: 0.014053075 | AE45: 0.0056043442 | AF45: 0.018344361 | AG45: 0.01549549 | AH45: -0.068229147 | AI45: -0.010395173 | AJ45: -0.0033841915 | AK45: 0.0047359881 | AL45: -0.0087858626 | AM45: 0.031925478 | AN45: 0.00091431644 | AO45: 0.0072106469 | AP45: -0.065355508 | AQ45: 0.019996532 | AR45: -0.0095513475 | AS45: 0.02079781 | AT45: 0.0080161166 | AU45: -0.0051283348 | AV45: -0.024747203 | AW45: -0.02813439 | AX45: 0.0043254795 | AY45: -0.0021519109 | AZ45: 0.0042862564 | BA45: 0.015517311 | BB45: -0.0097186616 | BC45: 0.011520674 | BD45: -0.017996472 | BE45: 0.031841592 | BF45: 0.021011491 | BG45: -0.045369028 | BH45: -0.060371706 | BI45: -0.071807258 | BJ45: 0.023581204 | BK45: 0.0072977189 | BL45: 0.041700413 | BM45: -0.019183342 | BN45: 0.0054517315 | BO45: 0.034547331 | BP45: 0.0065750761 | BQ45: 0.012031069 | BR45: 0.052065252 | BS45: -0.04162068 | BT45: 0.0068078073 | BU45: -0.010931616 | BV45: -0.0095193244 | BW45: 0.019948655 | BX45: -0.01231081 | BY45: 0.0067871139 | BZ45: 0.038156063 | CA45: 0.032471238 | CB45: 0.0054389261 | CC45: 0.023780357 | CD45: 0.028523334 | CE45: 0.024904932 | CF45: 0.010351967 | CG45: 0.020283744 | CH45: 0.028381182 | CI45: -0.01273863 | CJ45: -0.0099112603 | CK45: 0.019417289 | CL45: -0.0040706342 | CM45: 0.0011694615 | CN45: 0.071388876 | CO45: -0.031291292 | CP45: 0.02125001 | CQ45: -0.010838635 | CR45: -0.015627422 | CS45: -0.019949908 | CT45: 0.0015337221 | CU45: 0.010927691 | CV45: -0.023246176 | CW45: -0.047475253
C46: 0.011924382 | G46: 0.025149967 | J46: 0.0010213629 | K46: -0.013796011 | L46: 0.010613752 | M46: 0.00036275284 | N46: 0.031090867 | O46: 0.013856593 | P46: -0.064334613 | Q46: 0.023203113 | R46: -0.049078535 | S46: 0.020773592 | T46: 0.03021189 | U46: -0.037279535 | V46: 0.035258242 | W46: -0.021485608 | X46: -0.060132435 | Y46: 0.045634626 | Z46: -0.014472402 | AA46: 0.020131063 | AB46: -0.0075938929 | AC46: 0.010545348 | AD46: 0.045472869 | AE46: -0.021297954 | AF46: -0.0058608863 | AG46: 0.012672764 | AH46: 0.062241741 | AI46: -0.024193562 | AJ46: 0.015085022 | AK46: 0.024473668 | AL46: 0.025477465 | AM46: 0.0084212196 | AN46: -0.01940877 | AO46: 0.047980042 | AP46: 0.0021392331 | AQ46: 0.013425487 | AR46: -0.021821485 | AS46: 0.050994171 | AT46: -0.018182501 | AU46: 0.00089380616 | AV46: 0.0083139595 | AW46: -0.0057464245 | AX46: -0.02348495 | AY46: -0.019354717 | AZ46: 0.020912732 | BA46: -0.03634274 | BB46: -0.032363717 | BC46: 0.027959871 | BD46: 0.010719148 | BE46: 0.023693723 | BF46: -0.073930996 | BG46: -0.022991341 | BH46: 0.011139497 | BI46: 0.016970536 | BJ46: 0.033121122 | BK46: 0.032894398 | BL46: 0.015496222 | BM46: 0.077219238 | BN46: 0.028780747 | BO46: -0.02220582 | BP46: 0.025272456 | BQ46: -0.02020077 | BR46: 0.045342207 | BS46: 0.022207589 | BT46: 0.018616651 | BU46: 0.067289019 | BV46: 0.015237874 | BW46: -0.058922329 | BX46: 0.014834639 | BY46: -0.017847154 | BZ46: -0.0090150021 | CA46: 0.018674919 | CB46: -0.022345497 | CC46: 0.0035474625 | CD46: -0.0024168502 | CE46: 0.060054457 | CF46: 0.026300198 | CG46: 0.029417908 | CH46: 0.029892065 | CI46: 0.0042232686 | CJ46: 0.0098681918 | CK46: 0.049129363 | CL46: -0.04317604 | CM46: -0.045775297 | CN46: -0.015735504 | CO46: 0.012423631 | CP46: -0.0016578477 | CQ46: 0.07058149 | CR46: -0.017155947 | CS46: 0.0017729491 | CT46: 0.036735675 | CU46: -0.006812253 | CV46: -0.032131822 | CW46: -0.049921045
C47: 0.00036948556 | G47: -0.021040845 | J47: 0.017682307 | K47: -0.016207789 | L47: -0.028190606 | M47: 0.033831903 | N47: 0.003909574 | O47: -0.0116474 | P47: 0.023328172 | Q47: -0.0052421244 | R47: 0.035282814 | S47: -0.0078066611 | T47: -0.0056904925 | U47: -0.014509878 | V47: 0.023218193 | W47: 0.019036126 | X47: -0.015889866 | Y47: 0.0097739588 | Z47: 0.049752414 | AA47: 0.010180709 | AB47: 0.036389828 | AC47: -0.039595449 | AD47: -0.0097639929 | AE47: 0.0094181797 | AF47: -0.0099237998 | AG47: 0.040743722 | AH47: 0.0069204591 | AI47: -0.022344361 | AJ47: 0.051945967 | AK47: -0.00015004384 | AL47: 0.058486019 | AM47: -0.031024026 | AN47: 0.0040191415 | AO47: 0.029286771 | AP47: 0.021069801 | AQ47: 0.022839827 | AR47: -0.012763768 | AS47: 0.035377669 | AT47: -0.014865048 | AU47: 0.0020119598 | AV47: -0.04658313 | AW47: 0.04838536 | AX47: -0.019770454 | AY47: -0.0060277252 | AZ47: -0.029636268 | BA47: 0.044324683 | BB47: -0.042792531 | BC47: -0.027710333 | BD47: 0.024825911 | BE47: 0.0080913943 | BF47: 0.017678769 | BG47: 0.0054398348 | BH47: 0.049419171 | BI47: 0.0039162869 | BJ47: -0.0084627913 | BK47: -0.013694402 | BL47: 0.0055973132 | BM47: 0.021819543 | BN47: -0.037591503 | BO47: 0.0070146834 | BP47: -0.0050134802 | BQ47: 0.025601795 | BR47: 0.011746469 | BS47: 0.0286849 | BT47: -0.021488255 | BU47: 0.0039429902 | BV47: 0.034242739 | BW47: 0.045449699 | BX47: 0.034596975 | BY47: 0.031327036 | BZ47: -0.0039667116 | CA47: 0.037300745 | CB47: 0.025036098 | CC47: 0.0064884477 | CD47: -0.0079057304 | CE47: 0.017800138 | CF47: -0.0098142187 | CG47: -0.013669827 | CH47: 0.0020786879 | CI47: 0.020088212 | CJ47: -0.021140345 | CK47: 0.047961574 | CL47: 0.02541973 | CM47: -0.0090039734 | CN47: -0.055359879 | CO47: -0.035255192 | CP47: -0.017829366 | CQ47: 0.047829116 | CR47: 0.0065299497 | CS47: -0.0052913891 | CT47: 0.041155051 | CU47: 0.019217778 | CV47: 0.0090959053 | CW47: -0.044930315
C48: 0.011362288 | G48: -0.056486093 | J48: -0.013955925 | K48: -0.021122213 | L48: 0.018905842 | M48: 0.042533622 | N48: -0.018643643 | O48: -0.0026499652 | P48: 0.073056412 | Q48: 0.074702755 | R48: -0.011471333 | S48: 0.0036938468 | T48: -0.0078543919 | U48: -0.026323192 | V48: -0.01504031 | W48: -0.01814811 | X48: 0.062735817 | Y48: -0.030524142 | Z48: 0.012564063 | AA48: -0.0075350735 | AB48: -0.014942194 | AC48: 0.073602574 | AD48: -0.0070097305 | AE48: -0.0054261777 | AF48: -0.00076134718 | AG48: 0.077409758 | AH48: -0.0077803266 | AI48: -0.012123413 | AJ48: -0.0083089936 | AK48: -0.0039110327 | AL48: 0.04695507 | AM48: -0.014258306 | AN48: 0.0095985922 | AO48: 0.036310961 | AP48: 0.044277461 | AQ48: 0.040989406 | AR48: -0.024540022 | AS48: -0.010459987 | AT48: 0.0063629693 | AU48: 0.0053838128 | AV48: 0.0060253102 | AW48: 0.004347921 | AX48: -0.029995071 | AY48: 0.067556705 | AZ48: 0.011330885 | BA48: 0.0034399512 | BB48: 0.0083130327 | BC48: 0.044523746 | BD48: 0.027666198 | BE48: -0.0037070254 | BF48: -0.0060805259 | BG48: -0.0078332311 | BH48: 0.0093144737 | BI48: 0.0012829506 | BJ48: -0.04846511 | BK48: 0.02563449 | BL48: 0.039030803 | BM48: -0.046677016 | BN48: -0.0040043763 | BO48: -0.043131721 | BP48: 0.014809811 | BQ48: -0.014328915 | BR48: -0.019540948 | BS48: 0.0052539319 | BT48: -0.0049617125 | BU48: -0.035748919 | BV48: 0.027787444 | BW48: -0.012268647 | BX48: -0.0017134723 | BY48: -0.04478719 | BZ48: 0.0046558503 | CA48: 0.023051196 | CB48: -0.018608199 | CC48: -0.013312373 | CD48: 0.036699009 | CE48: 0.032129533 | CF48: -0.0022134536 | CG48: 0.0026992194 | CH48: 0.029354517 | CI48: -0.0084781186 | CJ48: 0.056917031 | CK48: -0.015504045 | CL48: 0.025846132 | CM48: 0.034974202 | CN48: -0.032192633 | CO48: 0.011918806 | CP48: -0.0017117591 | CQ48: -0.012408692 | CR48: -0.018377314 | CS48: -0.0094245251 | CT48: -0.031019539 | CU48: -0.039005845 | CV48: -0.023315026 | CW48: 0.014822063
C49: 0.015250787 | G49: 0.012151551 | J49: 0.0092735985 | K49: 0.020691923 | L49: -4.5129113e-05 | M49: -0.032181617 | N49: -0.0040075001 | O49: -0.045068546 | P49: 0.0035856098 | Q49: -0.043186516 | R49: 0.0099585928 | S49: -0.0099040724 | T49: -0.0033462912 | U49: 0.072519904 | V49: -0.0038756606 | W49: 0.044035645 | X49: 0.0039121041 | Y49: -0.011579051 | Z49: -0.010554468 | AA49: 0.023199186 | AB49: 0.004127519 | AC49: -0.020909449 | AD49: 0.059647952 | AE49: -0.011319215 | AF49: 0.0095408593 | AG49: 0.026036947 | AH49: 0.033754577 | AI49: 0.0083087011 | AJ49: -0.02177043 | AK49: 0.03527155 | AL49: 0.0047933122 | AM49: -0.027200324 | AN49: 0.023592448 | AO49: 0.050218268 | AP49: 0.0060456113 | AQ49: -0.040290097 | AR49: -0.0039454757 | AS49: -0.021952143 | AT49: -0.045280063 | AU49: 0.070441639 | AV49: -0.01422629 | AW49: 0.024292183 | AX49: -0.0008163472 | AY49: 0.038962781 | AZ49: 0.028182241 | BA49: -0.069091422 | BB49: -0.00088137897 | BC49: 0.0063671222 | BD49: 0.043198733 | BE49: -0.021344633 | BF49: 0.022366761 | BG49: 0.0067504417 | BH49: -0.021727566 | BI49: -0.018065748 | BJ49: -0.029064226 | BK49: -0.0020838127 | BL49: 0.04981368 | BM49: 0.026245373 | BN49: 0.045466181 | BO49: -0.0010925927 | BP49: 0.0019599823 | BQ49: 0.058411626 | BR49: 0.030452146 | BS49: 0.013985699 | BT49: -0.011021563 | BU49: -0.02055625 | BV49: 0.048130626 | BW49: 0.0088319151 | BX49: 0.058837793 | BY49: 0.039044461 | BZ49: 0.0150226 | CA49: 0.05023056 | CB49: -0.025523734 | CC49: -0.0043816465 | CD49: -0.040504818 | CE49: 0.028157259 | CF49: 0.018788867 | CG49: 0.012901096 | CH49: -0.016166531 | CI49: 0.0051522461 | CJ49: 0.014221164 | CK49: 0.013097325 | CL49: -0.0017146433 | CM49: -0.0087745861 | CN49: 0.018153784 | CO49: 0.042853594 | CP49: 0.014962572 | CQ49: 0.031176471 | CR49: -0.013616186 | CS49: -0.0062744968 | CT49: 0.012599601 | CU49: 0.074717511 | CV49: -0.005808991 | CW49: -0.0040883266
C50: -0.011905346 | G50: 0.054348109 | J50: -0.00028934113 | K50: 0.0061981048 | L50: -0.0067390831 | M50: 0.02239176 | N50: 0.055031866 | O50: 0.011597672 | P50: 0.047473422 | Q50: 0.025803076 | R50: -0.00943687 | S50: -0.050809959 | T50: 0.024701608 | U50: 0.013743655 | V50: -0.02648932 | W50: -0.010088745 | X50: 0.021524758 | Y50: -0.01326743 | Z50: 0.024297057 | AA50: 0.019689694 | AB50: -0.05554485 | AC50: 0.03128316 | AD50: 0.0092493252 | AE50: 0.00039512456 | AF50: 0.0020883039 | AG50: -0.020044259 | AH50: 0.044326561 | AI50: -0.043139925 | AJ50: -0.007648875 | AK50: 0.072156297 | AL50: 0.021832873 | AM50: -0.019066796 | AN50: -0.042651573 | AO50: -0.053414522 | AP50: -0.01802387 | AQ50: 0.0054141856 | AR50: -0.032796427 | AS50: 0.011034417 | AT50: -0.0068894665 | AU50: 0.028417378 | AV50: 0.010813125 | AW50: 0.014345744 | AX50: -0.00059735031 | AY50: -0.01975925 | AZ50: 0.025168269 | BA50: -0.055171222 | BB50: 0.045080265 | BC50: -0.028845012 | BD50: -0.0028984871 | BE50: 0.025697852 | BF50: -0.022892476 | BG50: -0.003372769 | BH50: 0.027973991 | BI50: -0.030075189 | BJ50: -0.0042217345 | BK50: -0.014653243 | BL50: -0.022280996 | BM50: 0.017354194 | BN50: 0.0004706806 | BO50: 0.029879283 | BP50: -0.012014967 | BQ50: -0.0051202283 | BR50: 0.098448814 | BS50: 0.0056618429 | BT50: -0.028020735 | BU50: 0.023945208 | BV50: 0.096031037 | BW50: -0.031795749 | BX50: -0.0078630482 | BY50: 0.023206192 | BZ50: 0.0091786142 | CA50: -0.024611507 | CB50: 0.033410606 | CC50: 0.032120055 | CD50: 0.049579392 | CE50: -0.010612241 | CF50: 0.021434841 | CG50: -0.026443333 | CH50: 0.04448375 | CI50: 0.04193274 | CJ50: -0.021805445 | CK50: -0.042572119 | CL50: -0.009080182 | CM50: 0.070989488 | CN50: -0.027898966 | CO50: -0.014927586 | CP50: 0.044957641 | CQ50: 0.020538023 | CR50: -0.0076321714 | CS50: 0.0010470628 | CT50: -0.055395607 | CU50: -0.011047903 | CV50: 0.030267114 | CW50: 0.029659348
C51: 0.024734526 | G51: -0.02399039 | J51: 0.013925207 | K51: -0.011133354 | L51: -0.025198981 | M51: 0.03693378 | N51: 0.0047850157 | O51: 0.057186096 | P51: 0.0088603961 | Q51: -0.002312415 | R51: 0.064380359 | S51: -0.0070830794 | T51: 0.021993832 | U51: 0.011924433 | V51: 0.041255267 | W51: 0.022397765 | X51: 0.010976706 | Y51: 0.039721497 | Z51: 0.063430246 | AA51: -0.011156975 | AB51: -0.0167777 | AC51: -0.022332592 | AD51: 0.021471055 | AE51: -0.023630139 | AF51: 0.014335912 | AG51: -0.016157058 | AH51: 0.020261092 | AI51: 0.0030085816 | AJ51: 0.033689271 | AK51: 0.008028212 | AL51: 0.011497549 | AM51: 0.01701208 | AN51: 0.017550414 | AO51: 0.038939164 | AP51: 0.022192983 | AQ51: 0.046414665 | AR51: 0.0045046461 | AS51: -0.025925986 | AT51: 0.050756551 | AU51: 0.0031327684 | AV51: 0.0091532036 | AW51: -0.055710866 | AX51: 0.0058192224 | AY51: -0.014116004 | AZ51: -0.008038654 | BA51: -0.012997425 | BB51: -0.0047084298 | BC51: 0.011724989 | BD51: 0.016372151 | BE51: -0.01182127 | BF51: 0.059000375 | BG51: -0.0080439212 | BH51: -0.025903255 | BI51: 0.011426961 | BJ51: -0.0073977317 | BK51: -0.0089213886 | BL51: 0.03004515 | BM51: -0.016587879 | BN51: -0.0034981881 | BO51: -0.0041034608 | BP51: -0.012842096 | BQ51: 0.051746501 | BR51: 0.025951008 | BS51: 0.018752676 | BT51: -0.022835538 | BU51: 0.028651757 | BV51: -0.013959742 | BW51: 0.023277342 | BX51: 0.0010008171 | BY51: -0.064690377 | BZ51: -0.0013501066 | CA51: 0.045966846 | CB51: 0.015747414 | CC51: 0.038405464 | CD51: 0.0052321715 | CE51: -0.014193029 | CF51: 0.022631387 | CG51: 0.024871974 | CH51: 0.014544554 | CI51: -0.016067096 | CJ51: 0.0023147382 | CK51: 0.058026742 | CL51: 0.013616877 | CM51: -0.065409861 | CN51: -0.01342677 | CO51: -0.0047769284 | CP51: 0.005992637 | CQ51: 0.061793389 | CR51: 0.03880403 | CS51: 0.00076168704 | CT51: -0.017670321 | CU51: -0.0071044768 | CV51: 0.033922531 | CW51: -0.013339477

Sheet Monte Carlo (EWS)
A1: DATE
A2: 45383 | B2: 0.014765147 | C2: 0.00043588672 | D2: 0.0092885741 | E2: -0.01199222 | F2: -0.022287066 | G2: 0.030760384 | H2: -0.031879871 | I2: -0.044201759 | J2: -0.025343785 | K2: 0.030802099 | L2: 0.029321578 | M2: -0.054673599 | N2: -0.036117891 | O2: 0.030131179 | P2: 0.0072933391 | Q2: 0.031618412 | R2: 0.0018142323 | S2: -0.01026529 | T2: -0.0039117827 | U2: 0.017952825 | V2: -0.026355744 | W2: 0.009413999 | X2: 0.049769528 | Y2: 0.011835563 | Z2: 0.011622491 | AA2: 0.070978901 | AB2: -0.0020048248 | AC2: -0.034098732 | AD2: 0.019943607 | AE2: 0.046358911 | AF2: -0.017241147 | AG2: 0.020667906 | AH2: 0.021015755 | AI2: -0.0049445132 | AJ2: 0.028994406 | AK2: 0.011966233 | AL2: 0.035820295 | AM2: 0.017241367 | AN2: -0.014079977 | AO2: -0.018467838 | AP2: -0.0084225321 | AQ2: 0.066367827 | AR2: 0.025885108 | AS2: -0.020519983 | AT2: -0.026136415 | AU2: 0.014919285 | AV2: -0.0045560208 | AW2: -0.006354887 | AX2: -0.004796508 | AY2: 0.030940948 | AZ2: 0.072219749 | BA2: -0.010634492 | BB2: -0.0090251238 | BC2: 0.0011857775 | BD2: 0.020256148 | BE2: 0.050940526 | BF2: 0.028495722 | BG2: -0.011387387 | BH2: 0.038188702 | BI2: 0.03371284 | BJ2: 0.079031602 | BK2: 0.022914035 | BL2: 0.0098492174 | BM2: 0.013018084 | BN2: -0.039480927 | BO2: 0.07180726 | BP2: 0.0025112717 | BQ2: -0.020010075 | BR2: 0.023677958 | BS2: 0.0299544 | BT2: 0.035127497 | BU2: 0.015100207 | BV2: -0.022064367 | BW2: 0.022811094 | BX2: 0.028506881 | BY2: -0.046757509 | BZ2: 0.0092798181 | CA2: -0.017902257 | CB2: -0.023832541 | CC2: 0.010145761 | CD2: 0.03044183 | CE2: -0.013912101 | CF2: 0.049673107 | CG2: -0.0099726853 | CH2: -0.0020248698 | CI2: -0.0035746787 | CJ2: 0.018843285 | CK2: -0.03906059 | CL2: 0.0027891083 | CM2: -0.009344662 | CN2: 0.014990342 | CO2: -0.034404604 | CP2: 0.031919179 | CQ2: -0.0009370955 | CR2: -0.049746896 | CS2: -0.022255794 | CT2: 0.0088994552 | CU2: -0.0046391873
A3: 45413 | B3: 0.02238291 | C3: -0.015117697 | D3: 0.059346479 | E3: -0.024251113 | F3: -0.0044879984 | G3: -0.0062318572 | H3: -0.045221654 | I3: 0.026470008 | J3: 0.038662161 | K3: 0.00942238 | L3: 0.0345013 | M3: -0.0044031356 | N3: 0.026974519 | O3: 0.030548259 | P3: -0.022160402 | Q3: 0.0099311353 | R3: 0.017606246 | S3: 0.024185129 | T3: 0.018168762 | U3: 0.0047551468 | V3: -0.02390636 | W3: 0.013837029 | X3: 0.0085577023 | Y3: 0.016092273 | Z3: -0.013266694 | AA3: 0.036546853 | AB3: -0.016998531 | AC3: 0.036172092 | AD3: -0.0018164052 | AE3: 0.010651919 | AF3: -0.0071614877 | AG3: 0.03566165 | AH3: 0.018047785 | AI3: 0.026455389 | AJ3: 0.00069910415 | AK3: 0.004898461 | AL3: -0.02704844 | AM3: -0.040830319 | AN3: 0.0060547987 | AO3: 0.0029692649 | AP3: 0.037172055 | AQ3: -0.023953763 | AR3: -0.026126941 | AS3: 0.059679224 | AT3: 0.030616185 | AU3: -0.034761774 | AV3: -0.0308014 | AW3: 0.015647503 | AX3: -0.029018365 | AY3: 0.0086745512 | AZ3: 0.040225954 | BA3: -0.00074969571 | BB3: 0.016686831 | BC3: 0.026862517 | BD3: 0.019197795 | BE3: 0.00046368508 | BF3: 0.0042776463 | BG3: 0.0065409655 | BH3: 0.032937147 | BI3: 0.021012809 | BJ3: 0.065950129 | BK3: -0.022429349 | BL3: -0.0072836857 | BM3: 0.0052776146 | BN3: 0.039820439 | BO3: 0.03351334 | BP3: 0.064733087 | BQ3: -0.02392945 | BR3: -0.0025310222 | BS3: 0.056955642 | BT3: 0.041914679 | BU3: 0.037133456 | BV3: 0.0043312176 | BW3: -0.01648289 | BX3: 0.01843713 | BY3: 0.040263865 | BZ3: 0.016259105 | CA3: -0.026981214 | CB3: 0.01109205 | CC3: 0.027828737 | CD3: 0.032370436 | CE3: -0.014499727 | CF3: 0.008720669 | CG3: 0.043535485 | CH3: 0.0016733281 | CI3: -0.0018083022 | CJ3: 0.017821102 | CK3: -0.018244305 | CL3: -0.037494331 | CM3: -0.032799735 | CN3: 0.014481787 | CO3: -0.023561561 | CP3: -0.031703692 | CQ3: 0.0013080318 | CR3: -0.012245041 | CS3: 0.0055353979 | CT3: -0.014621538 | CU3: -0.0081644201
A4: 45444 | B4: 0.024333455 | C4: 0.032404603 | D4: 0.018443204 | E4: -0.051490884 | F4: -0.028103587 | G4: 0.00629377 | H4: 0.053099824 | I4: 0.026906073 | J4: 0.024242173 | K4: -0.0060882605 | L4: 0.016014557 | M4: -0.0061549984 | N4: 0.027565209 | O4: 0.034098054 | P4: 0.0037574021 | Q4: 0.030253564 | R4: 0.037403419 | S4: -0.033748345 | T4: -0.0067647788 | U4: 0.021121563 | V4: 0.032373952 | W4: 0.035548974 | X4: -0.0046638948 | Y4: -0.00070992553 | Z4: 0.021744623 | AA4: 0.0055336155 | AB4: 0.025599795 | AC4: -0.0036325582 | AD4: 0.011150371 | AE4: 0.017846746 | AF4: -0.026564795 | AG4: -0.037725345 | AH4: -0.0060194224 | AI4: -0.019373253 | AJ4: 0.012977306 | AK4: 0.0017931656 | AL4: 0.03899394 | AM4: -0.012677204 | AN4: 0.012269205 | AO4: -0.026513299 | AP4: -0.017389357 | AQ4: 0.019765353 | AR4: 0.046031182 | AS4: -0.013681927 | AT4: -0.0027563468 | AU4: -0.017512288 | AV4: -0.0043942774 | AW4: 0.0040267664 | AX4: 0.010030222 | AY4: -0.016642056 | AZ4: 0.032286496 | BA4: -0.021763497 | BB4: 0.04531425 | BC4: 0.048070804 | BD4: 0.0036314967 | BE4: 0.0052827581 | BF4: 0.069877566 | BG4: -0.017126773 | BH4: 0.0071240492 | BI4: -5.90108e-05 | BJ4: 0.026914152 | BK4: 0.016994981 | BL4: -0.030201528 | BM4: -0.021733431 | BN4: -0.0052234184 | BO4: -0.0054975383 | BP4: -0.0089417353 | BQ4: 0.0038598938 | BR4: -0.032162774 | BS4: -0.0078225447 | BT4: 0.013313002 | BU4: -0.0096904299 | BV4: 0.0091789497 | BW4: 0.0113453 | BX4: -0.028323388 | BY4: -0.0067428644 | BZ4: 0.085960916 | CA4: 0.037580166 | CB4: -0.018853011 | CC4: 0.046677834 | CD4: 0.0021093568 | CE4: 0.041086402 | CF4: -0.022733412 | CG4: 0.034228294 | CH4: 0.00031382692 | CI4: 0.032479798 | CJ4: 0.010957888 | CK4: 0.045472066 | CL4: 0.015971421 | CM4: -0.015586133 | CN4: 0.0063520537 | CO4: 0.049563164 | CP4: -0.012137786 | CQ4: 0.017338571 | CR4: -0.031183479 | CS4: 0.051910092 | CT4: 0.036267801 | CU4: -0.011588881
A5: 45474 | B5: -0.023152343 | C5: 0.009249857 | D5: -0.00050094816 | E5: 0.011916796 | F5: 0.041761607 | G5: 0.0040565535 | H5: 0.057555493 | I5: 0.02182102 | J5: 0.012707873 | K5: 0.071019443 | L5: 0.00075515589 | M5: 0.01900576 | N5: -0.00029812213 | O5: 0.027823922 | P5: 0.047422237 | Q5: -0.010757596 | R5: 0.025653789 | S5: -0.031623177 | T5: -0.031579339 | U5: -0.00035299537 | V5: -0.0096847663 | W5: 0.0041130431 | X5: -0.019832666 | Y5: -0.025966471 | Z5: -0.0055853091 | AA5: -0.024848119 | AB5: -0.027731268 | AC5: -0.0034779293 | AD5: -0.024032979 | AE5: 0.012636746 | AF5: 0.055258882 | AG5: 0.078251847 | AH5: -0.0064798919 | AI5: -0.040302326 | AJ5: 0.027041553 | AK5: 0.042312009 | AL5: 0.034537791 | AM5: 0.024720853 | AN5: -0.024694242 | AO5: 0.014068658 | AP5: -0.024951441 | AQ5: 0.034818841 | AR5: -0.0092917226 | AS5: 0.021776998 | AT5: 0.017166383 | AU5: 0.038608245 | AV5: -0.012686591 | AW5: 0.014065728 | AX5: -0.02647112 | AY5: 0.036680554 | AZ5: 0.040464118 | BA5: 0.057187947 | BB5: 0.018984572 | BC5: 0.0043830176 | BD5: -0.0042885057 | BE5: 0.015066564 | BF5: 0.017253379 | BG5: 0.006532947 | BH5: 0.014497646 | BI5: -0.023532283 | BJ5: -0.0025558375 | BK5: 0.033495944 | BL5: 0.020367315 | BM5: 0.04868419 | BN5: 0.02584599 | BO5: -0.010222042 | BP5: 0.0086997413 | BQ5: 0.028763535 | BR5: -0.00034581747 | BS5: 0.015599397 | BT5: 0.03189309 | BU5: -0.029521289 | BV5: 0.034909345 | BW5: 0.010495741 | BX5: -0.040359018 | BY5: -0.0036215586 | BZ5: 0.027174825 | CA5: 0.020459167 | CB5: -0.03576005 | CC5: 0.039218097 | CD5: 0.014665081 | CE5: 0.011838747 | CF5: -0.027435931 | CG5: -0.011523695 | CH5: 0.066755975 | CI5: -0.0045217195 | CJ5: -0.012805633 | CK5: 0.011856408 | CL5: -0.014843376 | CM5: 0.009056872 | CN5: -0.046025212 | CO5: -0.02366872 | CP5: -0.00090362707 | CQ5: 0.022316785 | CR5: 0.018394781 | CS5: 0.0020912182 | CT5: 0.002998973 | CU5: 0.066399437
A6: 45505 | B6: -0.028839979 | C6: 0.017244068 | D6: -0.026630438 | E6: -0.044056501 | F6: -0.035631425 | G6: -0.014265755 | H6: 0.057196844 | I6: -0.043678493 | J6: 0.032991184 | K6: -0.025078381 | L6: -0.0044781503 | M6: 0.0050544016 | N6: 0.015096135 | O6: 0.012789248 | P6: 0.0023837278 | Q6: 0.075715972 | R6: -0.0096230267 | S6: 0.030822098 | T6: -0.0011106404 | U6: 0.037484245 | V6: 0.0014825223 | W6: -0.0045389745 | X6: 0.0022774932 | Y6: 0.062977393 | Z6: 0.068402214 | AA6: 0.0091089487 | AB6: 0.019947931 | AC6: -0.038409729 | AD6: 0.0062619421 | AE6: -0.00838154 | AF6: -0.02384591 | AG6: 0.0052283357 | AH6: 0.077834738 | AI6: 0.020686316 | AJ6: 0.038292473 | AK6: -0.0029796991 | AL6: 0.055452042 | AM6: 0.015015807 | AN6: -0.02808028 | AO6: 0.0061046354 | AP6: -0.027458782 | AQ6: 0.021165093 | AR6: 0.016377911 | AS6: -0.013026893 | AT6: -0.026919108 | AU6: 0.0058945119 | AV6: -0.023359366 | AW6: -0.026074976 | AX6: 0.01098771 | AY6: 0.039868519 | AZ6: 0.0082812542 | BA6: -0.0090661382 | BB6: 0.012755418 | BC6: 0.012136525 | BD6: -0.02613769 | BE6: 0.012240558 | BF6: -0.04232039 | BG6: 0.017725736 | BH6: 0.026879951 | BI6: -0.018826598 | BJ6: 0.015519599 | BK6: 0.028931518 | BL6: 0.046246664 | BM6: 0.010562316 | BN6: -0.010294713 | BO6: -0.011282595 | BP6: -0.0045378985 | BQ6: -0.011707808 | BR6: -0.02703169 | BS6: 0.0024758942 | BT6: -0.015688511 | BU6: -0.0053792719 | BV6: 0.052341006 | BW6: 0.040220988 | BX6: 0.010045818 | BY6: -0.0043478103 | BZ6: 0.024645695 | CA6: 0.0020398476 | CB6: 0.014699836 | CC6: 0.0033135866 | CD6: -0.0039814647 | CE6: -0.010142913 | CF6: 0.027255141 | CG6: 0.0027776509 | CH6: 0.010191141 | CI6: -0.0002490425 | CJ6: 0.035761726 | CK6: 0.034557839 | CL6: 0.02613367 | CM6: 0.0086368372 | CN6: -0.0083310192 | CO6: -0.02781362 | CP6: -0.012284753 | CQ6: 0.032608347 | CR6: -0.0099281594 | CS6: 0.028947787 | CT6: -0.011306217 | CU6: 0.013956214
A7: 45536 | B7: 0.042241897 | C7: 0.0081813625 | D7: 0.031711475 | E7: -0.0053509646 | F7: -0.0039410955 | G7: 0.041379037 | H7: 0.016515041 | I7: 0.012534496 | J7: 0.025659694 | K7: 0.010316674 | L7: 0.024333244 | M7: 0.00022447531 | N7: -0.02824728 | O7: -0.027418729 | P7: 0.0070965846 | Q7: 0.033902571 | R7: -0.011886628 | S7: -0.0089948493 | T7: -0.030315134 | U7: 0.04954687 | V7: 0.046716727 | W7: 0.0011231083 | X7: 0.01726575 | Y7: 0.00057867615 | Z7: -0.017941616 | AA7: -0.0024564684 | AB7: 0.010043511 | AC7: 0.046526709 | AD7: 0.020102598 | AE7: 0.03187835 | AF7: 0.030602806 | AG7: 0.030190116 | AH7: -0.0049706154 | AI7: -0.021150143 | AJ7: 0.047405292 | AK7: 0.0057821411 | AL7: 0.025851595 | AM7: -0.0034148121 | AN7: 0.010484432 | AO7: -0.021833078 | AP7: -0.0061152912 | AQ7: -0.0048369632 | AR7: 0.0088766124 | AS7: 0.0059191579 | AT7: 0.040217473 | AU7: 0.011086353 | AV7: 0.0071759029 | AW7: 0.001995285 | AX7: 0.023007737 | AY7: 4.4904884e-06 | AZ7: 0.021437373 | BA7: 0.027547196 | BB7: 0.0039067534 | BC7: 0.066453838 | BD7: 0.022551025 | BE7: 0.032161856 | BF7: 0.036007594 | BG7: 0.02179724 | BH7: -0.028108227 | BI7: 0.0017162586 | BJ7: 0.06653351 | BK7: 0.0040013211 | BL7: -0.023233936 | BM7: 0.046392097 | BN7: -0.024046865 | BO7: 0.043452755 | BP7: 0.026998675 | BQ7: 0.002043489 | BR7: 0.031262118 | BS7: 0.042226344 | BT7: 0.023180184 | BU7: 0.010259287 | BV7: 0.00970188 | BW7: 0.008002217 | BX7: 0.059638395 | BY7: 0.011618494 | BZ7: 0.042019391 | CA7: -0.036390581 | CB7: 0.013083113 | CC7: 0.041049964 | CD7: -0.0011337585 | CE7: 0.089917049 | CF7: 0.0026397928 | CG7: -0.046930721 | CH7: 0.019511136 | CI7: -0.0017738856 | CJ7: -0.020204879 | CK7: 0.015101821 | CL7: 0.028217804 | CM7: 0.025993971 | CN7: 0.020229295 | CO7: -0.0074132143 | CP7: -0.014229667 | CQ7: 0.019337483 | CR7: 0.030253555 | CS7: 0.004655554 | CT7: 0.0063030547 | CU7: 0.039216573
A8: 45566 | B8: -0.01709049 | C8: -0.015253935 | D8: -0.069838065 | E8: -0.028377159 | F8: 0.0023039395 | G8: 0.038452314 | H8: -0.033205042 | I8: 0.036021237 | J8: -0.013625707 | K8: 0.007610167 | L8: 0.055696375 | M8: 0.028324312 | N8: 0.0033365484 | O8: 0.023935533 | P8: 0.0042830373 | Q8: 0.043502167 | R8: 0.038713845 | S8: 0.00049635661 | T8: 0.0089867337 | U8: 0.035181091 | V8: 0.029476183 | W8: 0.034468415 | X8: 0.041536107 | Y8: -0.02985739 | Z8: 0.0038170118 | AA8: 0.031580802 | AB8: -0.011769421 | AC8: -0.0036270843 | AD8: -0.021813652 | AE8: 0.020275391 | AF8: 0.0078994129 | AG8: 0.033300012 | AH8: 0.038611511 | AI8: 0.0037391348 | AJ8: -0.029437037 | AK8: 0.016712054 | AL8: 0.026466053 | AM8: 0.011787992 | AN8: 0.029152717 | AO8: 0.016194923 | AP8: 0.024623305 | AQ8: -0.010439198 | AR8: 0.0096467025 | AS8: 0.0094043603 | AT8: -0.0055832623 | AU8: -0.0062464751 | AV8: -0.0057192219 | AW8: 0.00018467533 | AX8: 0.028461178 | AY8: 0.0098501698 | AZ8: 0.045549014 | BA8: -0.0056373379 | BB8: 0.022984053 | BC8: -0.031437563 | BD8: 0.022236094 | BE8: 0.034164952 | BF8: 0.030610937 | BG8: 0.016448189 | BH8: -0.051237245 | BI8: 0.014458585 | BJ8: -0.004758427 | BK8: -0.032992928 | BL8: 0.010117912 | BM8: -0.059811473 | BN8: -0.012333289 | BO8: -0.036109024 | BP8: 0.019384176 | BQ8: 0.014379129 | BR8: -0.01147754 | BS8: 0.017243833 | BT8: 0.021565174 | BU8: 0.002067176 | BV8: -0.011203732 | BW8: 0.021314629 | BX8: 0.035099201 | BY8: -0.028656763 | BZ8: 0.020707832 | CA8: 0.0045877824 | CB8: -0.0067228529 | CC8: 0.0065457316 | CD8: -0.0060440534 | CE8: 0.0090423638 | CF8: 0.034281396 | CG8: 0.012648991 | CH8: 0.011974639 | CI8: -0.0032246253 | CJ8: 0.058895171 | CK8: 0.029915789 | CL8: 0.015047313 | CM8: 0.00042100032 | CN8: 0.0077737654 | CO8: -0.045579824 | CP8: -0.011447968 | CQ8: -0.042632193 | CR8: 0.049730685 | CS8: -0.039805448 | CT8: 0.043607006 | CU8: 0.0055073072
A9: 45597 | B9: 0.021051504 | C9: 0.0014672054 | D9: 0.043510233 | E9: 0.050364169 | F9: -0.022251088 | G9: 0.0031582411 | H9: 0.026846498 | I9: 0.042120286 | J9: 0.002792522 | K9: 0.021057374 | L9: -0.017479375 | M9: -9.0157723e-05 | N9: 0.032216957 | O9: -0.012703068 | P9: 0.00061784246 | Q9: 0.02674396 | R9: 0.0086303251 | S9: -0.010056702 | T9: -0.021436638 | U9: 0.0040303898 | V9: -0.026988263 | W9: -0.0057167806 | X9: 0.029124035 | Y9: 0.029017354 | Z9: -0.031893955 | AA9: -0.0011227127 | AB9: -0.016266579 | AC9: 0.0028412643 | AD9: 0.035645803 | AE9: 0.0020480255 | AF9: -0.0086922231 | AG9: 0.022473053 | AH9: 0.040739682 | AI9: -0.022152507 | AJ9: 0.076731757 | AK9: 0.029337622 | AL9: 0.023727783 | AM9: 0.010845063 | AN9: -0.0095172904 | AO9: -0.0073424177 | AP9: 0.034968305 | AQ9: -0.0013073855 | AR9: -0.054186392 | AS9: 0.0062577961 | AT9: 0.03042659 | AU9: 0.015213918 | AV9: 0.016095088 | AW9: 0.027123449 | AX9: 0.03174537 | AY9: -0.0016231959 | AZ9: 0.024804533 | BA9: -0.0095957865 | BB9: -0.013236403 | BC9: 0.013048315 | BD9: -0.022785588 | BE9: 0.040260139 | BF9: 0.048314299 | BG9: 0.032796947 | BH9: -0.0091743681 | BI9: 0.0023371844 | BJ9: 0.041684147 | BK9: 0.013228425 | BL9: 0.031702901 | BM9: -0.023293492 | BN9: 0.043183486 | BO9: 0.0061974093 | BP9: 0.040601474 | BQ9: 0.039445902 | BR9: 0.028935304 | BS9: -0.022060582 | BT9: 0.018377067 | BU9: 0.022014935 | BV9: -0.035279133 | BW9: -0.023491365 | BX9: 0.011623834 | BY9: -0.05509423 | BZ9: 0.024307478 | CA9: 0.031467871 | CB9: 0.0044328586 | CC9: -0.0052633127 | CD9: -0.03654625 | CE9: 0.018405051 | CF9: 0.032954559 | CG9: 0.0053719892 | CH9: 0.040580046 | CI9: -0.013141488 | CJ9: -0.031294244 | CK9: 0.0091859882 | CL9: 0.020687309 | CM9: -0.016289011 | CN9: -0.019239588 | CO9: 0.0089587357 | CP9: 0.018284251 | CQ9: 0.0026877088 | CR9: -0.0039986023 | CS9: -0.025353331 | CT9: 0.039439987 | CU9: 0.06010279
A10: 45627 | B10: 0.032124342 | C10: 0.025635593 | D10: 0.0029281501 | E10: 0.0087084121 | F10: 0.011429649 | G10: -0.044052244 | H10: 0.016038293 | I10: 0.013665299 | J10: 0.017047454 | K10: 0.018934656 | L10: 0.03946363 | M10: 0.023394706 | N10: 0.045903598 | O10: 0.023570398 | P10: -0.01160651 | Q10: 0.00054160828 | R10: -0.028553662 | S10: -0.041717569 | T10: -0.041225276 | U10: 0.035321655 | V10: 0.040956878 | W10: -0.0010382907 | X10: -0.013720942 | Y10: -0.0046373532 | Z10: 0.031097297 | AA10: -0.0087216485 | AB10: 0.0073185789 | AC10: 0.008261612 | AD10: 0.014375561 | AE10: 0.017817625 | AF10: -0.042273081 | AG10: -0.0084078463 | AH10: 0.010409017 | AI10: 0.021965637 | AJ10: 0.0040291526 | AK10: 0.053623039 | AL10: 0.013335339 | AM10: 0.046626377 | AN10: 0.027241717 | AO10: 0.015630896 | AP10: 0.0051405589 | AQ10: -0.01423032 | AR10: -0.0066187944 | AS10: 0.045196024 | AT10: 0.019644342 | AU10: -0.0013745771 | AV10: -0.022015907 | AW10: 0.012825676 | AX10: 0.017411458 | AY10: -0.0069889825 | AZ10: 0.017309096 | BA10: 0.02583902 | BB10: 0.013029318 | BC10: 0.02193728 | BD10: 0.06180957 | BE10: 0.033859165 | BF10: 0.026978619 | BG10: -0.019117704 | BH10: -0.0060298439 | BI10: 0.010006869 | BJ10: -0.0149098 | BK10: -0.015344232 | BL10: -0.030197246 | BM10: -0.036612461 | BN10: 0.017840603 | BO10: 0.019580898 | BP10: -0.012289753 | BQ10: 0.013953344 | BR10: -0.0044539601 | BS10: 0.020638426 | BT10: 0.0061403672 | BU10: -0.0097429686 | BV10: 0.0084363581 | BW10: -0.054967554 | BX10: -0.025875371 | BY10: 0.019814051 | BZ10: -0.0062207781 | CA10: -0.026267552 | CB10: 0.03911536 | CC10: 0.044550906 | CD10: 0.0060784107 | CE10: -0.020805382 | CF10: 0.016504943 | CG10: 0.032418263 | CH10: 0.0072702449 | CI10: 0.0001037625 | CJ10: 0.0056366959 | CK10: -0.011338986 | CL10: 0.025935605 | CM10: 0.033153016 | CN10: 0.026850481 | CO10: 0.026689745 | CP10: 0.0096547045 | CQ10: 0.033536335 | CR10: 0.054913194 | CS10: -0.010728331 | CT10: -0.01391668 | CU10: 0.010240225
A11: 45658 | B11: -0.036606833 | C11: -0.024320826 | D11: 0.043198502 | E11: 0.0047484394 | F11: -0.0058018868 | G11: 0.016427841 | H11: 0.0095651499 | I11: 0.0035717247 | J11: -0.029585302 | K11: 0.029612463 | L11: 0.0052137198 | M11: -0.015200323 | N11: 0.048308059 | O11: 0.00033242114 | P11: -0.046767099 | Q11: -0.021332754 | R11: -0.0018356444 | S11: -0.014167434 | T11: -0.033920819 | U11: 0.00018127827 | V11: 0.0052682404 | W11: 0.0037554558 | X11: 0.017245532 | Y11: 0.038990615 | Z11: -0.0073631805 | AA11: 0.009285875 | AB11: 0.0083225746 | AC11: -0.01099948 | AD11: -0.01559671 | AE11: -0.037172178 | AF11: -0.027603083 | AG11: 0.066216438 | AH11: -0.0060086973 | AI11: 0.0026178139 | AJ11: 0.024702113 | AK11: -0.0040820883 | AL11: 0.024078282 | AM11: -0.012111854 | AN11: 0.011739753 | AO11: 0.0089724033 | AP11: 0.030972402 | AQ11: 0.036005226 | AR11: -0.020727228 | AS11: -0.011865937 | AT11: 0.019170263 | AU11: -0.034434967 | AV11: 0.013284809 | AW11: 0.030258468 | AX11: 0.022375806 | AY11: 0.0087198205 | AZ11: 0.0020345724 | BA11: 0.022096493 | BB11: 0.0033395848 | BC11: 0.040394709 | BD11: -0.0023206635 | BE11: 0.013885181 | BF11: -0.015504636 | BG11: 0.052922694 | BH11: -0.019963539 | BI11: 0.050305136 | BJ11: -0.058657802 | BK11: 0.029068124 | BL11: 0.0041545923 | BM11: 0.039325144 | BN11: 0.023158767 | BO11: -0.0063772974 | BP11: -0.015317692 | BQ11: 0.033050739 | BR11: -0.0016890772 | BS11: -0.022914809 | BT11: -0.0050604992 | BU11: -0.02774736 | BV11: 0.0074418035 | BW11: 0.0064758169 | BX11: 5.2526496e-06 | BY11: -0.0046119614 | BZ11: -0.018078547 | CA11: -0.0060795594 | CB11: 0.0087515277 | CC11: 0.036750172 | CD11: -0.040523402 | CE11: 0.013886539 | CF11: 0.017689962 | CG11: 0.0027390196 | CH11: 0.03477229 | CI11: -0.038457434 | CJ11: 0.012083767 | CK11: 0.041926724 | CL11: 0.01043947 | CM11: -0.0047425803 | CN11: -0.033871834 | CO11: -0.0052927566 | CP11: 0.021347898 | CQ11: 0.037355695 | CR11: -0.01049791 | CS11: -0.021907296 | CT11: -0.01874328 | CU11: 0.010366722
A12: 45689 | B12: -0.038334324 | C12: 0.04143123 | D12: -0.0034521395 | E12: 0.015211184 | F12: -0.062202237 | G12: 0.0090779697 | H12: -0.040738453 | I12: -0.0025013418 | J12: 0.0087474547 | K12: 0.0089661195 | L12: 0.01449581 | M12: -0.010523261 | N12: 0.0081747086 | O12: -0.0402354 | P12: 0.025252776 | Q12: 0.021069211 | R12: 0.055896409 | S12: 0.0014934549 | T12: -0.010494095 | U12: -0.026080492 | V12: 0.0043144642 | W12: -0.011570695 | X12: 0.0020013795 | Y12: -0.019885213 | Z12: 0.044096992 | AA12: 0.067149402 | AB12: 0.0102083 | AC12: 0.026835607 | AD12: 0.013119891 | AE12: 0.014806154 | AF12: 0.030663242 | AG12: -0.014246309 | AH12: 0.0033956729 | AI12: 0.0050032359 | AJ12: -0.010331017 | AK12: 0.0083360978 | AL12: 0.0086652238 | AM12: 0.033969098 | AN12: 0.022222829 | AO12: -0.0044529777 | AP12: 0.0025866908 | AQ12: 0.0060013326 | AR12: 0.040903357 | AS12: -0.058825224 | AT12: 0.0093747882 | AU12: 0.03391996 | AV12: 0.0081753748 | AW12: -0.0059968246 | AX12: -0.036620762 | AY12: 0.026937826 | AZ12: -0.024212903 | BA12: -0.015426507 | BB12: -0.061893512 | BC12: 0.032715541 | BD12: 0.0094042695 | BE12: 0.009204046 | BF12: -0.0085341005 | BG12: -0.029110283 | BH12: 0.038775289 | BI12: 0.044530731 | BJ12: 0.018921153 | BK12: 0.018006172 | BL12: 0.00901426 | BM12: 0.038404174 | BN12: 0.0082926231 | BO12: -0.0035833868 | BP12: 0.025124685 | BQ12: 0.045596252 | BR12: -0.040118296 | BS12: -0.0048502232 | BT12: -0.051802668 | BU12: 0.024512022 | BV12: 0.0053669326 | BW12: -0.0064970728 | BX12: -0.0058151489 | BY12: 0.077450079 | BZ12: 0.037738813 | CA12: 0.0049203863 | CB12: -0.013176292 | CC12: 0.032360971 | CD12: 0.025236196 | CE12: 0.025367968 | CF12: 0.01647914 | CG12: -0.032838901 | CH12: -0.034570122 | CI12: 0.01312502 | CJ12: -0.014710521 | CK12: 0.031583097 | CL12: 0.0013421458 | CM12: -0.040449191 | CN12: 0.026967265 | CO12: -0.048246505 | CP12: 0.027674528 | CQ12: 0.0044968366 | CR12: -0.0053713366 | CS12: 0.047156264 | CT12: -0.035712889 | CU12: 0.0019229762
A13: 45717 | B13: 0.0018233908 | C13: 0.04475058 | D13: 0.01300994 | E13: -0.015915938 | F13: -0.04280611 | G13: 0.043160266 | H13: 0.024228587 | I13: -0.0069237896 | J13: -0.0039321325 | K13: -0.0013989744 | L13: 0.0034089594 | M13: 0.058362771 | N13: -0.0075434684 | O13: 0.023002429 | P13: 0.020672233 | Q13: -0.016006571 | R13: 0.037431505 | S13: -0.039441017 | T13: 0.015338253 | U13: 0.02422702 | V13: 0.055713856 | W13: -0.008357956 | X13: 0.0021708078 | Y13: -0.010871232 | Z13: 0.029577298 | AA13: 0.023712833 | AB13: -0.013937699 | AC13: -0.011150222 | AD13: -0.0072235901 | AE13: 0.030411145 | AF13: 0.051791294 | AG13: 0.012412021 | AH13: 0.0089207071 | AI13: 0.0012623849 | AJ13: 0.015108945 | AK13: 0.033132141 | AL13: 0.03193357 | AM13: 0.024816755 | AN13: 0.042416533 | AO13: 0.026997685 | AP13: 0.026021512 | AQ13: 0.027500976 | AR13: 0.030650552 | AS13: 0.018815757 | AT13: -0.022790111 | AU13: 0.053522489 | AV13: 0.031752092 | AW13: -0.035233808 | AX13: -0.0015374316 | AY13: -0.019861592 | AZ13: 0.037520123 | BA13: 0.017309969 | BB13: -0.0082675507 | BC13: 0.026681999 | BD13: 0.060646468 | BE13: 0.006356219 | BF13: 0.0020921656 | BG13: 0.014007453 | BH13: 0.017260009 | BI13: -0.02066175 | BJ13: 0.016662265 | BK13: -0.01266554 | BL13: 0.039838419 | BM13: 0.0029124489 | BN13: 0.034146795 | BO13: -0.024185238 | BP13: 0.085575862 | BQ13: 0.025440893 | BR13: 0.036001364 | BS13: -0.010171699 | BT13: -0.004192077 | BU13: -0.012030959 | BV13: 0.031864432 | BW13: 0.027553614 | BX13: 0.0063412116 | BY13: 0.081776578 | BZ13: -0.011092599 | CA13: 0.022276617 | CB13: 0.027419229 | CC13: -0.00049589394 | CD13: -0.030350573 | CE13: 0.012179181 | CF13: -0.011896548 | CG13: 0.0009987147 | CH13: -0.0053157093 | CI13: -0.0026057881 | CJ13: 0.018956657 | CK13: -0.021023145 | CL13: 0.043711587 | CM13: 0.047571947 | CN13: 0.020599551 | CO13: -0.059327342 | CP13: 0.0082067714 | CQ13: -0.038199253 | CR13: -0.019745362 | CS13: 0.0017707368 | CT13: -0.008992031 | CU13: -0.0052658213
A14: TOTAL | B14: {=PRODUCT(1+B2:B13)} -> 1.0102264 | C14: {=PRODUCT(1+C2:C13)} -> 1.1305516 | D14: {=PRODUCT(1+D2:D13)} -> 1.1205017 | E14: {=PRODUCT(1+E2:E13)} -> 0.909151 | F14: {=PRODUCT(1+F2:F13)} -> 0.83737264 | G14: {=PRODUCT(1+G2:G13)} -> 1.1319752 | H14: {=PRODUCT(1+H2:H13)} -> 1.1068594 | I14: {=PRODUCT(1+I2:I13)} -> 1.0845665 | ... CV14: {=PRODUCT(1+CV2:CV13)} -> 1
CU28: -0.0046391873 | CV28: -0.0031630137
CU29: -0.0081644201 | CV29: 0.023534534
CU30: -0.011588881 | CV30: 0.031975967
CU31: 0.066399437 | CV31: 0.035120917
CU32: 0.013956214 | CV32: 0.0093710303
CU33: 0.039216573 | CV33: -0.01343604
CU34: 0.0055073072 | CV34: -0.042304539
CU35: 0.06010279 | CV35: 0.0098239053
CU36: 0.010240225 | CV36: 0.032085539
CU37: 0.010366722 | CV37: 0.02217368
CU38: 0.0019229762 | CV38: 0.030538129
CU39: -0.0052658213 | CV39: 0.0061976118

Sheet Summary
A1: Metric | B1: Actual | C1: EWS
A2: Cumulative Return | B2: =Backtesting!I10 -> 1.29 | C2: =Backtesting!I16 -> 1.35
A3: Max Drawdown | B3: =MIN(Backtesting!C:C) -> -0.15322 | C3: =MIN(Backtesting!D:D) -> -0.128047
A4: Mean Monthly Return | B4: =Backtesting!I11 -> 0.0074148319 | C4: =Backtesting!I17 -> 0.0075502521
A5: Std Deviation | B5: =Backtesting!I12 -> 0.029524183 | C5: =Backtesting!I18 -> 0.026774395
A6: Sharpe Ratio | B6: =Backtesting!I13 -> 0.081355932 | C6: =Backtesting!I19 -> 0.095249663
A7: Monte Carlo Best Case | B7: =PERCENTILE('Monte Carlo (Actual)'!F14:CV14,0.95)-1 -> 0.26493211 | C7: =PERCENTILE('Monte Carlo (EWS)'!B14:CU14,0.95)-1 -> 0.27971328
A8: Monte Carlo Likely Case | B8: =PERCENTILE('Monte Carlo (Actual)'!B14:CV14,0.5)-1 -> 0.064406478 | C8: =PERCENTILE('Monte Carlo (EWS)'!B14:CU14,0.5)-1 -> 0.08731775
A9: Monte Carlo Worst Case | B9: =PERCENTILE('Monte Carlo (Actual)'!B14:CV14,0.05)-1 -> -0.087507821 | C9: =PERCENTILE('Monte Carlo (EWS)'!B14:CU14,0.05)-1 -> -0.037876128
A10: Monte Carlo Std Dev | B10: =STDEV('Monte Carlo (Actual)'!B14:CV14) -> 0.11505278 | C10: =STDEV('Monte Carlo (EWS)'!B14:CU14) -> 0.10455627
